2026-01-31 09:24:44,876 - INFO - Scheduler started
2026-01-31 09:24:44,876 - INFO - Bot started
2026-01-31 09:24:44,919 - INFO - Start polling
2026-01-31 09:24:44,956 - INFO - Run polling for bot @Buzzer_bot_bot id=8484197003 - 'BUZZER'
2026-01-31 09:24:50,356 - WARNING - Received SIGINT signal
2026-01-31 09:24:50,356 - INFO - Polling stopped for bot @Buzzer_bot_bot id=8484197003 - 'BUZZER'
2026-01-31 09:24:50,356 - INFO - Polling stopped
2026-01-31 09:24:55,922 - INFO - Scheduler started
2026-01-31 09:24:55,922 - INFO - Bot started
2026-01-31 09:24:55,969 - INFO - Start polling
2026-01-31 09:24:56,007 - INFO - Run polling for bot @Buzzer_bot_bot id=8484197003 - 'BUZZER'
2026-01-31 09:24:56,399 - INFO - No tasks found for user Василий П.П.
2026-01-31 09:24:56,400 - INFO - Update id=805948089 is handled. Duration 71 ms by bot id=8484197003
2026-01-31 09:25:01,813 - INFO - User 5305657930 (Seaborgium_element) started bot
2026-01-31 09:25:01,844 - INFO - Welcome message sent to Валерий А.Ф
2026-01-31 09:25:01,845 - INFO - Update id=805948090 is handled. Duration 32 ms by bot id=8484197003
2026-01-31 09:25:05,159 - INFO - No tasks found for user Василий П.П.
2026-01-31 09:25:05,160 - INFO - Update id=805948091 is handled. Duration 35 ms by bot id=8484197003
2026-01-31 09:25:05,248 - INFO - No tasks found for user Валерий А.Ф
2026-01-31 09:25:05,249 - INFO - Update id=805948092 is handled. Duration 29 ms by bot id=8484197003
2026-01-31 09:25:06,631 - INFO - Admin panel opened for user Валерий А.Ф
2026-01-31 09:25:06,631 - INFO - Update id=805948093 is handled. Duration 34 ms by bot id=8484197003
2026-01-31 09:25:10,849 - INFO - User 6911846159 (Константин) started bot
2026-01-31 09:25:10,881 - INFO - Welcome message sent to Василий П.П.
2026-01-31 09:25:10,881 - INFO - Update id=805948094 is handled. Duration 32 ms by bot id=8484197003
2026-01-31 09:25:20,995 - INFO - Admin 5305657930 started adding task manually
2026-01-31 09:25:20,996 - INFO - Update id=805948095 is handled. Duration 24 ms by bot id=8484197003
2026-01-31 09:25:47,255 - INFO - Admin entered teacher name: Василий П.П.
2026-01-31 09:25:47,255 - INFO - Update id=805948096 is handled. Duration 39 ms by bot id=8484197003
2026-01-31 09:26:03,718 - INFO - Admin entered practice name: МОНИТОР
2026-01-31 09:26:03,719 - INFO - Update id=805948097 is handled. Duration 51 ms by bot id=8484197003
2026-01-31 09:26:15,206 - WARNING - Invalid date format entered by admin: 21.12.27
2026-01-31 09:26:15,206 - INFO - Update id=805948098 is handled. Duration 113 ms by bot id=8484197003
2026-01-31 09:26:24,739 - WARNING - Invalid date format entered by admin: 21.12.27
2026-01-31 09:26:24,739 - INFO - Update id=805948099 is handled. Duration 28 ms by bot id=8484197003
2026-01-31 09:26:49,428 - WARNING - Invalid date format entered by admin: 12.07.26
2026-01-31 09:26:49,429 - INFO - Update id=805948100 is handled. Duration 40 ms by bot id=8484197003
2026-01-31 09:27:04,487 - INFO - Admin entered end date: 2025-07-12
2026-01-31 09:27:04,488 - INFO - Update id=805948101 is handled. Duration 45 ms by bot id=8484197003
2026-01-31 09:27:18,531 - INFO - Task added: МОНИТОР for Василий П.П.
2026-01-31 09:27:18,560 - INFO - Update id=805948102 is handled. Duration 38 ms by bot id=8484197003
2026-01-31 09:27:26,760 - INFO - Sent task list to user Василий П.П., count: 1
2026-01-31 09:27:26,761 - INFO - Update id=805948103 is handled. Duration 40 ms by bot id=8484197003
2026-01-31 09:27:31,714 - INFO - Task detail shown: 1, status: ещё не смотрел
2026-01-31 09:27:31,715 - INFO - Update id=805948104 is handled. Duration 118 ms by bot id=8484197003
2026-01-31 09:27:41,940 - INFO - Update id=805948105 is not handled. Duration 41 ms by bot id=8484197003
2026-01-31 09:27:41,940 - ERROR - Cause exception while process update id=805948105 by bot id=8484197003
TelegramBadRequest: Telegram server says - Bad Request: message is not modified: specified new message content and reply markup are exactly the same as a current content and reply markup of the message
Traceback (most recent call last):
  File "/workspaces/1234567890/.venv/lib/python3.12/site-packages/aiogram/dispatcher/dispatcher.py", line 309, in _process_update
    response = await self.feed_update(bot, update, **kwargs)
               ^^^^^^^^^^^^^^^^^^^^^^^^^^^^^^^^^^^^^^^^^^^^^
  File "/workspaces/1234567890/.venv/lib/python3.12/site-packages/aiogram/dispatcher/dispatcher.py", line 158, in feed_update
    response = await self.update.wrap_outer_middleware(
               ^^^^^^^^^^^^^^^^^^^^^^^^^^^^^^^^^^^^^^^^
  File "/workspaces/1234567890/.venv/lib/python3.12/site-packages/aiogram/dispatcher/middlewares/error.py", line 25, in __call__
    return await handler(event, data)
           ^^^^^^^^^^^^^^^^^^^^^^^^^^
  File "/workspaces/1234567890/.venv/lib/python3.12/site-packages/aiogram/dispatcher/middlewares/user_context.py", line 56, in __call__
    return await handler(event, data)
           ^^^^^^^^^^^^^^^^^^^^^^^^^^
  File "/workspaces/1234567890/.venv/lib/python3.12/site-packages/aiogram/fsm/middleware.py", line 42, in __call__
    return await handler(event, data)
           ^^^^^^^^^^^^^^^^^^^^^^^^^^
  File "/workspaces/1234567890/.venv/lib/python3.12/site-packages/aiogram/dispatcher/event/telegram.py", line 121, in trigger
    return await wrapped_inner(event, kwargs)
           ^^^^^^^^^^^^^^^^^^^^^^^^^^^^^^^^^^
  File "/workspaces/1234567890/.venv/lib/python3.12/site-packages/aiogram/dispatcher/event/handler.py", line 43, in call
    return await wrapped()
           ^^^^^^^^^^^^^^^
  File "/workspaces/1234567890/.venv/lib/python3.12/site-packages/aiogram/dispatcher/dispatcher.py", line 276, in _listen_update
    return await self.propagate_event(update_type=update_type, event=event, **kwargs)
           ^^^^^^^^^^^^^^^^^^^^^^^^^^^^^^^^^^^^^^^^^^^^^^^^^^^^^^^^^^^^^^^^^^^^^^^^^^
  File "/workspaces/1234567890/.venv/lib/python3.12/site-packages/aiogram/dispatcher/router.py", line 146, in propagate_event
    return await observer.wrap_outer_middleware(_wrapped, event=event, data=kwargs)
           ^^^^^^^^^^^^^^^^^^^^^^^^^^^^^^^^^^^^^^^^^^^^^^^^^^^^^^^^^^^^^^^^^^^^^^^^
  File "/workspaces/1234567890/.venv/lib/python3.12/site-packages/aiogram/dispatcher/router.py", line 141, in _wrapped
    return await self._propagate_event(
           ^^^^^^^^^^^^^^^^^^^^^^^^^^^^
  File "/workspaces/1234567890/.venv/lib/python3.12/site-packages/aiogram/dispatcher/router.py", line 174, in _propagate_event
    response = await router.propagate_event(update_type=update_type, event=event, **kwargs)
               ^^^^^^^^^^^^^^^^^^^^^^^^^^^^^^^^^^^^^^^^^^^^^^^^^^^^^^^^^^^^^^^^^^^^^^^^^^^^
  File "/workspaces/1234567890/.venv/lib/python3.12/site-packages/aiogram/dispatcher/router.py", line 146, in propagate_event
    return await observer.wrap_outer_middleware(_wrapped, event=event, data=kwargs)
           ^^^^^^^^^^^^^^^^^^^^^^^^^^^^^^^^^^^^^^^^^^^^^^^^^^^^^^^^^^^^^^^^^^^^^^^^
  File "/workspaces/1234567890/.venv/lib/python3.12/site-packages/aiogram/dispatcher/router.py", line 141, in _wrapped
    return await self._propagate_event(
           ^^^^^^^^^^^^^^^^^^^^^^^^^^^^
  File "/workspaces/1234567890/.venv/lib/python3.12/site-packages/aiogram/dispatcher/router.py", line 166, in _propagate_event
    response = await observer.trigger(event, **kwargs)
               ^^^^^^^^^^^^^^^^^^^^^^^^^^^^^^^^^^^^^^^
  File "/workspaces/1234567890/.venv/lib/python3.12/site-packages/aiogram/dispatcher/event/telegram.py", line 121, in trigger
    return await wrapped_inner(event, kwargs)
           ^^^^^^^^^^^^^^^^^^^^^^^^^^^^^^^^^^
  File "/workspaces/1234567890/.venv/lib/python3.12/site-packages/aiogram/dispatcher/event/handler.py", line 43, in call
    return await wrapped()
           ^^^^^^^^^^^^^^^
  File "/workspaces/1234567890/bot.py", line 374, in update_status
    await callback.message.edit_reply_markup(reply_markup=task_actions(task.id))
  File "/workspaces/1234567890/.venv/lib/python3.12/site-packages/aiogram/methods/base.py", line 84, in emit
    return await bot(self)
           ^^^^^^^^^^^^^^^
  File "/workspaces/1234567890/.venv/lib/python3.12/site-packages/aiogram/client/bot.py", line 487, in __call__
    return await self.session(self, method, timeout=request_timeout)
           ^^^^^^^^^^^^^^^^^^^^^^^^^^^^^^^^^^^^^^^^^^^^^^^^^^^^^^^^^
  File "/workspaces/1234567890/.venv/lib/python3.12/site-packages/aiogram/client/session/base.py", line 254, in __call__
    return cast(TelegramType, await middleware(bot, method))
                              ^^^^^^^^^^^^^^^^^^^^^^^^^^^^^
  File "/workspaces/1234567890/.venv/lib/python3.12/site-packages/aiogram/client/session/aiohttp.py", line 189, in make_request
    response = self.check_response(
               ^^^^^^^^^^^^^^^^^^^^
  File "/workspaces/1234567890/.venv/lib/python3.12/site-packages/aiogram/client/session/base.py", line 120, in check_response
    raise TelegramBadRequest(method=method, message=description)
aiogram.exceptions.TelegramBadRequest: Telegram server says - Bad Request: message is not modified: specified new message content and reply markup are exactly the same as a current content and reply markup of the message
2026-01-31 09:27:44,118 - INFO - Update id=805948106 is not handled. Duration 93 ms by bot id=8484197003
2026-01-31 09:27:44,118 - ERROR - Cause exception while process update id=805948106 by bot id=8484197003
TelegramBadRequest: Telegram server says - Bad Request: message is not modified: specified new message content and reply markup are exactly the same as a current content and reply markup of the message
Traceback (most recent call last):
  File "/workspaces/1234567890/.venv/lib/python3.12/site-packages/aiogram/dispatcher/dispatcher.py", line 309, in _process_update
    response = await self.feed_update(bot, update, **kwargs)
               ^^^^^^^^^^^^^^^^^^^^^^^^^^^^^^^^^^^^^^^^^^^^^
  File "/workspaces/1234567890/.venv/lib/python3.12/site-packages/aiogram/dispatcher/dispatcher.py", line 158, in feed_update
    response = await self.update.wrap_outer_middleware(
               ^^^^^^^^^^^^^^^^^^^^^^^^^^^^^^^^^^^^^^^^
  File "/workspaces/1234567890/.venv/lib/python3.12/site-packages/aiogram/dispatcher/middlewares/error.py", line 25, in __call__
    return await handler(event, data)
           ^^^^^^^^^^^^^^^^^^^^^^^^^^
  File "/workspaces/1234567890/.venv/lib/python3.12/site-packages/aiogram/dispatcher/middlewares/user_context.py", line 56, in __call__
    return await handler(event, data)
           ^^^^^^^^^^^^^^^^^^^^^^^^^^
  File "/workspaces/1234567890/.venv/lib/python3.12/site-packages/aiogram/fsm/middleware.py", line 42, in __call__
    return await handler(event, data)
           ^^^^^^^^^^^^^^^^^^^^^^^^^^
  File "/workspaces/1234567890/.venv/lib/python3.12/site-packages/aiogram/dispatcher/event/telegram.py", line 121, in trigger
    return await wrapped_inner(event, kwargs)
           ^^^^^^^^^^^^^^^^^^^^^^^^^^^^^^^^^^
  File "/workspaces/1234567890/.venv/lib/python3.12/site-packages/aiogram/dispatcher/event/handler.py", line 43, in call
    return await wrapped()
           ^^^^^^^^^^^^^^^
  File "/workspaces/1234567890/.venv/lib/python3.12/site-packages/aiogram/dispatcher/dispatcher.py", line 276, in _listen_update
    return await self.propagate_event(update_type=update_type, event=event, **kwargs)
           ^^^^^^^^^^^^^^^^^^^^^^^^^^^^^^^^^^^^^^^^^^^^^^^^^^^^^^^^^^^^^^^^^^^^^^^^^^
  File "/workspaces/1234567890/.venv/lib/python3.12/site-packages/aiogram/dispatcher/router.py", line 146, in propagate_event
    return await observer.wrap_outer_middleware(_wrapped, event=event, data=kwargs)
           ^^^^^^^^^^^^^^^^^^^^^^^^^^^^^^^^^^^^^^^^^^^^^^^^^^^^^^^^^^^^^^^^^^^^^^^^
  File "/workspaces/1234567890/.venv/lib/python3.12/site-packages/aiogram/dispatcher/router.py", line 141, in _wrapped
    return await self._propagate_event(
           ^^^^^^^^^^^^^^^^^^^^^^^^^^^^
  File "/workspaces/1234567890/.venv/lib/python3.12/site-packages/aiogram/dispatcher/router.py", line 174, in _propagate_event
    response = await router.propagate_event(update_type=update_type, event=event, **kwargs)
               ^^^^^^^^^^^^^^^^^^^^^^^^^^^^^^^^^^^^^^^^^^^^^^^^^^^^^^^^^^^^^^^^^^^^^^^^^^^^
  File "/workspaces/1234567890/.venv/lib/python3.12/site-packages/aiogram/dispatcher/router.py", line 146, in propagate_event
    return await observer.wrap_outer_middleware(_wrapped, event=event, data=kwargs)
           ^^^^^^^^^^^^^^^^^^^^^^^^^^^^^^^^^^^^^^^^^^^^^^^^^^^^^^^^^^^^^^^^^^^^^^^^
  File "/workspaces/1234567890/.venv/lib/python3.12/site-packages/aiogram/dispatcher/router.py", line 141, in _wrapped
    return await self._propagate_event(
           ^^^^^^^^^^^^^^^^^^^^^^^^^^^^
  File "/workspaces/1234567890/.venv/lib/python3.12/site-packages/aiogram/dispatcher/router.py", line 166, in _propagate_event
    response = await observer.trigger(event, **kwargs)
               ^^^^^^^^^^^^^^^^^^^^^^^^^^^^^^^^^^^^^^^
  File "/workspaces/1234567890/.venv/lib/python3.12/site-packages/aiogram/dispatcher/event/telegram.py", line 121, in trigger
    return await wrapped_inner(event, kwargs)
           ^^^^^^^^^^^^^^^^^^^^^^^^^^^^^^^^^^
  File "/workspaces/1234567890/.venv/lib/python3.12/site-packages/aiogram/dispatcher/event/handler.py", line 43, in call
    return await wrapped()
           ^^^^^^^^^^^^^^^
  File "/workspaces/1234567890/bot.py", line 374, in update_status
    await callback.message.edit_reply_markup(reply_markup=task_actions(task.id))
  File "/workspaces/1234567890/.venv/lib/python3.12/site-packages/aiogram/methods/base.py", line 84, in emit
    return await bot(self)
           ^^^^^^^^^^^^^^^
  File "/workspaces/1234567890/.venv/lib/python3.12/site-packages/aiogram/client/bot.py", line 487, in __call__
    return await self.session(self, method, timeout=request_timeout)
           ^^^^^^^^^^^^^^^^^^^^^^^^^^^^^^^^^^^^^^^^^^^^^^^^^^^^^^^^^
  File "/workspaces/1234567890/.venv/lib/python3.12/site-packages/aiogram/client/session/base.py", line 254, in __call__
    return cast(TelegramType, await middleware(bot, method))
                              ^^^^^^^^^^^^^^^^^^^^^^^^^^^^^
  File "/workspaces/1234567890/.venv/lib/python3.12/site-packages/aiogram/client/session/aiohttp.py", line 189, in make_request
    response = self.check_response(
               ^^^^^^^^^^^^^^^^^^^^
  File "/workspaces/1234567890/.venv/lib/python3.12/site-packages/aiogram/client/session/base.py", line 120, in check_response
    raise TelegramBadRequest(method=method, message=description)
aiogram.exceptions.TelegramBadRequest: Telegram server says - Bad Request: message is not modified: specified new message content and reply markup are exactly the same as a current content and reply markup of the message
2026-01-31 09:27:45,757 - INFO - Update id=805948107 is not handled. Duration 37 ms by bot id=8484197003
2026-01-31 09:27:45,757 - ERROR - Cause exception while process update id=805948107 by bot id=8484197003
TelegramBadRequest: Telegram server says - Bad Request: message is not modified: specified new message content and reply markup are exactly the same as a current content and reply markup of the message
Traceback (most recent call last):
  File "/workspaces/1234567890/.venv/lib/python3.12/site-packages/aiogram/dispatcher/dispatcher.py", line 309, in _process_update
    response = await self.feed_update(bot, update, **kwargs)
               ^^^^^^^^^^^^^^^^^^^^^^^^^^^^^^^^^^^^^^^^^^^^^
  File "/workspaces/1234567890/.venv/lib/python3.12/site-packages/aiogram/dispatcher/dispatcher.py", line 158, in feed_update
    response = await self.update.wrap_outer_middleware(
               ^^^^^^^^^^^^^^^^^^^^^^^^^^^^^^^^^^^^^^^^
  File "/workspaces/1234567890/.venv/lib/python3.12/site-packages/aiogram/dispatcher/middlewares/error.py", line 25, in __call__
    return await handler(event, data)
           ^^^^^^^^^^^^^^^^^^^^^^^^^^
  File "/workspaces/1234567890/.venv/lib/python3.12/site-packages/aiogram/dispatcher/middlewares/user_context.py", line 56, in __call__
    return await handler(event, data)
           ^^^^^^^^^^^^^^^^^^^^^^^^^^
  File "/workspaces/1234567890/.venv/lib/python3.12/site-packages/aiogram/fsm/middleware.py", line 42, in __call__
    return await handler(event, data)
           ^^^^^^^^^^^^^^^^^^^^^^^^^^
  File "/workspaces/1234567890/.venv/lib/python3.12/site-packages/aiogram/dispatcher/event/telegram.py", line 121, in trigger
    return await wrapped_inner(event, kwargs)
           ^^^^^^^^^^^^^^^^^^^^^^^^^^^^^^^^^^
  File "/workspaces/1234567890/.venv/lib/python3.12/site-packages/aiogram/dispatcher/event/handler.py", line 43, in call
    return await wrapped()
           ^^^^^^^^^^^^^^^
  File "/workspaces/1234567890/.venv/lib/python3.12/site-packages/aiogram/dispatcher/dispatcher.py", line 276, in _listen_update
    return await self.propagate_event(update_type=update_type, event=event, **kwargs)
           ^^^^^^^^^^^^^^^^^^^^^^^^^^^^^^^^^^^^^^^^^^^^^^^^^^^^^^^^^^^^^^^^^^^^^^^^^^
  File "/workspaces/1234567890/.venv/lib/python3.12/site-packages/aiogram/dispatcher/router.py", line 146, in propagate_event
    return await observer.wrap_outer_middleware(_wrapped, event=event, data=kwargs)
           ^^^^^^^^^^^^^^^^^^^^^^^^^^^^^^^^^^^^^^^^^^^^^^^^^^^^^^^^^^^^^^^^^^^^^^^^
  File "/workspaces/1234567890/.venv/lib/python3.12/site-packages/aiogram/dispatcher/router.py", line 141, in _wrapped
    return await self._propagate_event(
           ^^^^^^^^^^^^^^^^^^^^^^^^^^^^
  File "/workspaces/1234567890/.venv/lib/python3.12/site-packages/aiogram/dispatcher/router.py", line 174, in _propagate_event
    response = await router.propagate_event(update_type=update_type, event=event, **kwargs)
               ^^^^^^^^^^^^^^^^^^^^^^^^^^^^^^^^^^^^^^^^^^^^^^^^^^^^^^^^^^^^^^^^^^^^^^^^^^^^
  File "/workspaces/1234567890/.venv/lib/python3.12/site-packages/aiogram/dispatcher/router.py", line 146, in propagate_event
    return await observer.wrap_outer_middleware(_wrapped, event=event, data=kwargs)
           ^^^^^^^^^^^^^^^^^^^^^^^^^^^^^^^^^^^^^^^^^^^^^^^^^^^^^^^^^^^^^^^^^^^^^^^^
  File "/workspaces/1234567890/.venv/lib/python3.12/site-packages/aiogram/dispatcher/router.py", line 141, in _wrapped
    return await self._propagate_event(
           ^^^^^^^^^^^^^^^^^^^^^^^^^^^^
  File "/workspaces/1234567890/.venv/lib/python3.12/site-packages/aiogram/dispatcher/router.py", line 166, in _propagate_event
    response = await observer.trigger(event, **kwargs)
               ^^^^^^^^^^^^^^^^^^^^^^^^^^^^^^^^^^^^^^^
  File "/workspaces/1234567890/.venv/lib/python3.12/site-packages/aiogram/dispatcher/event/telegram.py", line 121, in trigger
    return await wrapped_inner(event, kwargs)
           ^^^^^^^^^^^^^^^^^^^^^^^^^^^^^^^^^^
  File "/workspaces/1234567890/.venv/lib/python3.12/site-packages/aiogram/dispatcher/event/handler.py", line 43, in call
    return await wrapped()
           ^^^^^^^^^^^^^^^
  File "/workspaces/1234567890/bot.py", line 374, in update_status
    await callback.message.edit_reply_markup(reply_markup=task_actions(task.id))
  File "/workspaces/1234567890/.venv/lib/python3.12/site-packages/aiogram/methods/base.py", line 84, in emit
    return await bot(self)
           ^^^^^^^^^^^^^^^
  File "/workspaces/1234567890/.venv/lib/python3.12/site-packages/aiogram/client/bot.py", line 487, in __call__
    return await self.session(self, method, timeout=request_timeout)
           ^^^^^^^^^^^^^^^^^^^^^^^^^^^^^^^^^^^^^^^^^^^^^^^^^^^^^^^^^
  File "/workspaces/1234567890/.venv/lib/python3.12/site-packages/aiogram/client/session/base.py", line 254, in __call__
    return cast(TelegramType, await middleware(bot, method))
                              ^^^^^^^^^^^^^^^^^^^^^^^^^^^^^
  File "/workspaces/1234567890/.venv/lib/python3.12/site-packages/aiogram/client/session/aiohttp.py", line 189, in make_request
    response = self.check_response(
               ^^^^^^^^^^^^^^^^^^^^
  File "/workspaces/1234567890/.venv/lib/python3.12/site-packages/aiogram/client/session/base.py", line 120, in check_response
    raise TelegramBadRequest(method=method, message=description)
aiogram.exceptions.TelegramBadRequest: Telegram server says - Bad Request: message is not modified: specified new message content and reply markup are exactly the same as a current content and reply markup of the message
2026-01-31 09:27:46,961 - INFO - Update id=805948108 is not handled. Duration 34 ms by bot id=8484197003
2026-01-31 09:27:46,961 - ERROR - Cause exception while process update id=805948108 by bot id=8484197003
TelegramBadRequest: Telegram server says - Bad Request: message is not modified: specified new message content and reply markup are exactly the same as a current content and reply markup of the message
Traceback (most recent call last):
  File "/workspaces/1234567890/.venv/lib/python3.12/site-packages/aiogram/dispatcher/dispatcher.py", line 309, in _process_update
    response = await self.feed_update(bot, update, **kwargs)
               ^^^^^^^^^^^^^^^^^^^^^^^^^^^^^^^^^^^^^^^^^^^^^
  File "/workspaces/1234567890/.venv/lib/python3.12/site-packages/aiogram/dispatcher/dispatcher.py", line 158, in feed_update
    response = await self.update.wrap_outer_middleware(
               ^^^^^^^^^^^^^^^^^^^^^^^^^^^^^^^^^^^^^^^^
  File "/workspaces/1234567890/.venv/lib/python3.12/site-packages/aiogram/dispatcher/middlewares/error.py", line 25, in __call__
    return await handler(event, data)
           ^^^^^^^^^^^^^^^^^^^^^^^^^^
  File "/workspaces/1234567890/.venv/lib/python3.12/site-packages/aiogram/dispatcher/middlewares/user_context.py", line 56, in __call__
    return await handler(event, data)
           ^^^^^^^^^^^^^^^^^^^^^^^^^^
  File "/workspaces/1234567890/.venv/lib/python3.12/site-packages/aiogram/fsm/middleware.py", line 42, in __call__
    return await handler(event, data)
           ^^^^^^^^^^^^^^^^^^^^^^^^^^
  File "/workspaces/1234567890/.venv/lib/python3.12/site-packages/aiogram/dispatcher/event/telegram.py", line 121, in trigger
    return await wrapped_inner(event, kwargs)
           ^^^^^^^^^^^^^^^^^^^^^^^^^^^^^^^^^^
  File "/workspaces/1234567890/.venv/lib/python3.12/site-packages/aiogram/dispatcher/event/handler.py", line 43, in call
    return await wrapped()
           ^^^^^^^^^^^^^^^
  File "/workspaces/1234567890/.venv/lib/python3.12/site-packages/aiogram/dispatcher/dispatcher.py", line 276, in _listen_update
    return await self.propagate_event(update_type=update_type, event=event, **kwargs)
           ^^^^^^^^^^^^^^^^^^^^^^^^^^^^^^^^^^^^^^^^^^^^^^^^^^^^^^^^^^^^^^^^^^^^^^^^^^
  File "/workspaces/1234567890/.venv/lib/python3.12/site-packages/aiogram/dispatcher/router.py", line 146, in propagate_event
    return await observer.wrap_outer_middleware(_wrapped, event=event, data=kwargs)
           ^^^^^^^^^^^^^^^^^^^^^^^^^^^^^^^^^^^^^^^^^^^^^^^^^^^^^^^^^^^^^^^^^^^^^^^^
  File "/workspaces/1234567890/.venv/lib/python3.12/site-packages/aiogram/dispatcher/router.py", line 141, in _wrapped
    return await self._propagate_event(
           ^^^^^^^^^^^^^^^^^^^^^^^^^^^^
  File "/workspaces/1234567890/.venv/lib/python3.12/site-packages/aiogram/dispatcher/router.py", line 174, in _propagate_event
    response = await router.propagate_event(update_type=update_type, event=event, **kwargs)
               ^^^^^^^^^^^^^^^^^^^^^^^^^^^^^^^^^^^^^^^^^^^^^^^^^^^^^^^^^^^^^^^^^^^^^^^^^^^^
  File "/workspaces/1234567890/.venv/lib/python3.12/site-packages/aiogram/dispatcher/router.py", line 146, in propagate_event
    return await observer.wrap_outer_middleware(_wrapped, event=event, data=kwargs)
           ^^^^^^^^^^^^^^^^^^^^^^^^^^^^^^^^^^^^^^^^^^^^^^^^^^^^^^^^^^^^^^^^^^^^^^^^
  File "/workspaces/1234567890/.venv/lib/python3.12/site-packages/aiogram/dispatcher/router.py", line 141, in _wrapped
    return await self._propagate_event(
           ^^^^^^^^^^^^^^^^^^^^^^^^^^^^
  File "/workspaces/1234567890/.venv/lib/python3.12/site-packages/aiogram/dispatcher/router.py", line 166, in _propagate_event
    response = await observer.trigger(event, **kwargs)
               ^^^^^^^^^^^^^^^^^^^^^^^^^^^^^^^^^^^^^^^
  File "/workspaces/1234567890/.venv/lib/python3.12/site-packages/aiogram/dispatcher/event/telegram.py", line 121, in trigger
    return await wrapped_inner(event, kwargs)
           ^^^^^^^^^^^^^^^^^^^^^^^^^^^^^^^^^^
  File "/workspaces/1234567890/.venv/lib/python3.12/site-packages/aiogram/dispatcher/event/handler.py", line 43, in call
    return await wrapped()
           ^^^^^^^^^^^^^^^
  File "/workspaces/1234567890/bot.py", line 374, in update_status
    await callback.message.edit_reply_markup(reply_markup=task_actions(task.id))
  File "/workspaces/1234567890/.venv/lib/python3.12/site-packages/aiogram/methods/base.py", line 84, in emit
    return await bot(self)
           ^^^^^^^^^^^^^^^
  File "/workspaces/1234567890/.venv/lib/python3.12/site-packages/aiogram/client/bot.py", line 487, in __call__
    return await self.session(self, method, timeout=request_timeout)
           ^^^^^^^^^^^^^^^^^^^^^^^^^^^^^^^^^^^^^^^^^^^^^^^^^^^^^^^^^
  File "/workspaces/1234567890/.venv/lib/python3.12/site-packages/aiogram/client/session/base.py", line 254, in __call__
    return cast(TelegramType, await middleware(bot, method))
                              ^^^^^^^^^^^^^^^^^^^^^^^^^^^^^
  File "/workspaces/1234567890/.venv/lib/python3.12/site-packages/aiogram/client/session/aiohttp.py", line 189, in make_request
    response = self.check_response(
               ^^^^^^^^^^^^^^^^^^^^
  File "/workspaces/1234567890/.venv/lib/python3.12/site-packages/aiogram/client/session/base.py", line 120, in check_response
    raise TelegramBadRequest(method=method, message=description)
aiogram.exceptions.TelegramBadRequest: Telegram server says - Bad Request: message is not modified: specified new message content and reply markup are exactly the same as a current content and reply markup of the message
2026-01-31 09:27:48,337 - INFO - Added job "send_reminder" to job store "default"
2026-01-31 09:27:48,348 - INFO - Manual reminder scheduled for task 1 at 2026-02-01 09:27:48.333003
2026-01-31 09:27:48,348 - INFO - Update id=805948109 is handled. Duration 17 ms by bot id=8484197003
2026-01-31 09:27:49,809 - INFO - Update id=805948110 is not handled. Duration 1 ms by bot id=8484197003
2026-01-31 09:27:53,356 - INFO - Sent task list to user Василий П.П., count: 1
2026-01-31 09:27:53,357 - INFO - Update id=805948111 is handled. Duration 49 ms by bot id=8484197003
2026-01-31 09:27:54,738 - INFO - Task detail shown: 1, status: готово
2026-01-31 09:27:54,739 - INFO - Update id=805948112 is handled. Duration 23 ms by bot id=8484197003
2026-01-31 09:27:57,968 - INFO - Update id=805948113 is not handled. Duration 44 ms by bot id=8484197003
2026-01-31 09:27:57,969 - ERROR - Cause exception while process update id=805948113 by bot id=8484197003
TelegramBadRequest: Telegram server says - Bad Request: message is not modified: specified new message content and reply markup are exactly the same as a current content and reply markup of the message
Traceback (most recent call last):
  File "/workspaces/1234567890/.venv/lib/python3.12/site-packages/aiogram/dispatcher/dispatcher.py", line 309, in _process_update
    response = await self.feed_update(bot, update, **kwargs)
               ^^^^^^^^^^^^^^^^^^^^^^^^^^^^^^^^^^^^^^^^^^^^^
  File "/workspaces/1234567890/.venv/lib/python3.12/site-packages/aiogram/dispatcher/dispatcher.py", line 158, in feed_update
    response = await self.update.wrap_outer_middleware(
               ^^^^^^^^^^^^^^^^^^^^^^^^^^^^^^^^^^^^^^^^
  File "/workspaces/1234567890/.venv/lib/python3.12/site-packages/aiogram/dispatcher/middlewares/error.py", line 25, in __call__
    return await handler(event, data)
           ^^^^^^^^^^^^^^^^^^^^^^^^^^
  File "/workspaces/1234567890/.venv/lib/python3.12/site-packages/aiogram/dispatcher/middlewares/user_context.py", line 56, in __call__
    return await handler(event, data)
           ^^^^^^^^^^^^^^^^^^^^^^^^^^
  File "/workspaces/1234567890/.venv/lib/python3.12/site-packages/aiogram/fsm/middleware.py", line 42, in __call__
    return await handler(event, data)
           ^^^^^^^^^^^^^^^^^^^^^^^^^^
  File "/workspaces/1234567890/.venv/lib/python3.12/site-packages/aiogram/dispatcher/event/telegram.py", line 121, in trigger
    return await wrapped_inner(event, kwargs)
           ^^^^^^^^^^^^^^^^^^^^^^^^^^^^^^^^^^
  File "/workspaces/1234567890/.venv/lib/python3.12/site-packages/aiogram/dispatcher/event/handler.py", line 43, in call
    return await wrapped()
           ^^^^^^^^^^^^^^^
  File "/workspaces/1234567890/.venv/lib/python3.12/site-packages/aiogram/dispatcher/dispatcher.py", line 276, in _listen_update
    return await self.propagate_event(update_type=update_type, event=event, **kwargs)
           ^^^^^^^^^^^^^^^^^^^^^^^^^^^^^^^^^^^^^^^^^^^^^^^^^^^^^^^^^^^^^^^^^^^^^^^^^^
  File "/workspaces/1234567890/.venv/lib/python3.12/site-packages/aiogram/dispatcher/router.py", line 146, in propagate_event
    return await observer.wrap_outer_middleware(_wrapped, event=event, data=kwargs)
           ^^^^^^^^^^^^^^^^^^^^^^^^^^^^^^^^^^^^^^^^^^^^^^^^^^^^^^^^^^^^^^^^^^^^^^^^
  File "/workspaces/1234567890/.venv/lib/python3.12/site-packages/aiogram/dispatcher/router.py", line 141, in _wrapped
    return await self._propagate_event(
           ^^^^^^^^^^^^^^^^^^^^^^^^^^^^
  File "/workspaces/1234567890/.venv/lib/python3.12/site-packages/aiogram/dispatcher/router.py", line 174, in _propagate_event
    response = await router.propagate_event(update_type=update_type, event=event, **kwargs)
               ^^^^^^^^^^^^^^^^^^^^^^^^^^^^^^^^^^^^^^^^^^^^^^^^^^^^^^^^^^^^^^^^^^^^^^^^^^^^
  File "/workspaces/1234567890/.venv/lib/python3.12/site-packages/aiogram/dispatcher/router.py", line 146, in propagate_event
    return await observer.wrap_outer_middleware(_wrapped, event=event, data=kwargs)
           ^^^^^^^^^^^^^^^^^^^^^^^^^^^^^^^^^^^^^^^^^^^^^^^^^^^^^^^^^^^^^^^^^^^^^^^^
  File "/workspaces/1234567890/.venv/lib/python3.12/site-packages/aiogram/dispatcher/router.py", line 141, in _wrapped
    return await self._propagate_event(
           ^^^^^^^^^^^^^^^^^^^^^^^^^^^^
  File "/workspaces/1234567890/.venv/lib/python3.12/site-packages/aiogram/dispatcher/router.py", line 166, in _propagate_event
    response = await observer.trigger(event, **kwargs)
               ^^^^^^^^^^^^^^^^^^^^^^^^^^^^^^^^^^^^^^^
  File "/workspaces/1234567890/.venv/lib/python3.12/site-packages/aiogram/dispatcher/event/telegram.py", line 121, in trigger
    return await wrapped_inner(event, kwargs)
           ^^^^^^^^^^^^^^^^^^^^^^^^^^^^^^^^^^
  File "/workspaces/1234567890/.venv/lib/python3.12/site-packages/aiogram/dispatcher/event/handler.py", line 43, in call
    return await wrapped()
           ^^^^^^^^^^^^^^^
  File "/workspaces/1234567890/bot.py", line 374, in update_status
    await callback.message.edit_reply_markup(reply_markup=task_actions(task.id))
  File "/workspaces/1234567890/.venv/lib/python3.12/site-packages/aiogram/methods/base.py", line 84, in emit
    return await bot(self)
           ^^^^^^^^^^^^^^^
  File "/workspaces/1234567890/.venv/lib/python3.12/site-packages/aiogram/client/bot.py", line 487, in __call__
    return await self.session(self, method, timeout=request_timeout)
           ^^^^^^^^^^^^^^^^^^^^^^^^^^^^^^^^^^^^^^^^^^^^^^^^^^^^^^^^^
  File "/workspaces/1234567890/.venv/lib/python3.12/site-packages/aiogram/client/session/base.py", line 254, in __call__
    return cast(TelegramType, await middleware(bot, method))
                              ^^^^^^^^^^^^^^^^^^^^^^^^^^^^^
  File "/workspaces/1234567890/.venv/lib/python3.12/site-packages/aiogram/client/session/aiohttp.py", line 189, in make_request
    response = self.check_response(
               ^^^^^^^^^^^^^^^^^^^^
  File "/workspaces/1234567890/.venv/lib/python3.12/site-packages/aiogram/client/session/base.py", line 120, in check_response
    raise TelegramBadRequest(method=method, message=description)
aiogram.exceptions.TelegramBadRequest: Telegram server says - Bad Request: message is not modified: specified new message content and reply markup are exactly the same as a current content and reply markup of the message
2026-01-31 09:28:01,982 - INFO - Update id=805948114 is not handled. Duration 83 ms by bot id=8484197003
2026-01-31 09:28:01,982 - ERROR - Cause exception while process update id=805948114 by bot id=8484197003
TelegramBadRequest: Telegram server says - Bad Request: message is not modified: specified new message content and reply markup are exactly the same as a current content and reply markup of the message
Traceback (most recent call last):
  File "/workspaces/1234567890/.venv/lib/python3.12/site-packages/aiogram/dispatcher/dispatcher.py", line 309, in _process_update
    response = await self.feed_update(bot, update, **kwargs)
               ^^^^^^^^^^^^^^^^^^^^^^^^^^^^^^^^^^^^^^^^^^^^^
  File "/workspaces/1234567890/.venv/lib/python3.12/site-packages/aiogram/dispatcher/dispatcher.py", line 158, in feed_update
    response = await self.update.wrap_outer_middleware(
               ^^^^^^^^^^^^^^^^^^^^^^^^^^^^^^^^^^^^^^^^
  File "/workspaces/1234567890/.venv/lib/python3.12/site-packages/aiogram/dispatcher/middlewares/error.py", line 25, in __call__
    return await handler(event, data)
           ^^^^^^^^^^^^^^^^^^^^^^^^^^
  File "/workspaces/1234567890/.venv/lib/python3.12/site-packages/aiogram/dispatcher/middlewares/user_context.py", line 56, in __call__
    return await handler(event, data)
           ^^^^^^^^^^^^^^^^^^^^^^^^^^
  File "/workspaces/1234567890/.venv/lib/python3.12/site-packages/aiogram/fsm/middleware.py", line 42, in __call__
    return await handler(event, data)
           ^^^^^^^^^^^^^^^^^^^^^^^^^^
  File "/workspaces/1234567890/.venv/lib/python3.12/site-packages/aiogram/dispatcher/event/telegram.py", line 121, in trigger
    return await wrapped_inner(event, kwargs)
           ^^^^^^^^^^^^^^^^^^^^^^^^^^^^^^^^^^
  File "/workspaces/1234567890/.venv/lib/python3.12/site-packages/aiogram/dispatcher/event/handler.py", line 43, in call
    return await wrapped()
           ^^^^^^^^^^^^^^^
  File "/workspaces/1234567890/.venv/lib/python3.12/site-packages/aiogram/dispatcher/dispatcher.py", line 276, in _listen_update
    return await self.propagate_event(update_type=update_type, event=event, **kwargs)
           ^^^^^^^^^^^^^^^^^^^^^^^^^^^^^^^^^^^^^^^^^^^^^^^^^^^^^^^^^^^^^^^^^^^^^^^^^^
  File "/workspaces/1234567890/.venv/lib/python3.12/site-packages/aiogram/dispatcher/router.py", line 146, in propagate_event
    return await observer.wrap_outer_middleware(_wrapped, event=event, data=kwargs)
           ^^^^^^^^^^^^^^^^^^^^^^^^^^^^^^^^^^^^^^^^^^^^^^^^^^^^^^^^^^^^^^^^^^^^^^^^
  File "/workspaces/1234567890/.venv/lib/python3.12/site-packages/aiogram/dispatcher/router.py", line 141, in _wrapped
    return await self._propagate_event(
           ^^^^^^^^^^^^^^^^^^^^^^^^^^^^
  File "/workspaces/1234567890/.venv/lib/python3.12/site-packages/aiogram/dispatcher/router.py", line 174, in _propagate_event
    response = await router.propagate_event(update_type=update_type, event=event, **kwargs)
               ^^^^^^^^^^^^^^^^^^^^^^^^^^^^^^^^^^^^^^^^^^^^^^^^^^^^^^^^^^^^^^^^^^^^^^^^^^^^
  File "/workspaces/1234567890/.venv/lib/python3.12/site-packages/aiogram/dispatcher/router.py", line 146, in propagate_event
    return await observer.wrap_outer_middleware(_wrapped, event=event, data=kwargs)
           ^^^^^^^^^^^^^^^^^^^^^^^^^^^^^^^^^^^^^^^^^^^^^^^^^^^^^^^^^^^^^^^^^^^^^^^^
  File "/workspaces/1234567890/.venv/lib/python3.12/site-packages/aiogram/dispatcher/router.py", line 141, in _wrapped
    return await self._propagate_event(
           ^^^^^^^^^^^^^^^^^^^^^^^^^^^^
  File "/workspaces/1234567890/.venv/lib/python3.12/site-packages/aiogram/dispatcher/router.py", line 166, in _propagate_event
    response = await observer.trigger(event, **kwargs)
               ^^^^^^^^^^^^^^^^^^^^^^^^^^^^^^^^^^^^^^^
  File "/workspaces/1234567890/.venv/lib/python3.12/site-packages/aiogram/dispatcher/event/telegram.py", line 121, in trigger
    return await wrapped_inner(event, kwargs)
           ^^^^^^^^^^^^^^^^^^^^^^^^^^^^^^^^^^
  File "/workspaces/1234567890/.venv/lib/python3.12/site-packages/aiogram/dispatcher/event/handler.py", line 43, in call
    return await wrapped()
           ^^^^^^^^^^^^^^^
  File "/workspaces/1234567890/bot.py", line 374, in update_status
    await callback.message.edit_reply_markup(reply_markup=task_actions(task.id))
  File "/workspaces/1234567890/.venv/lib/python3.12/site-packages/aiogram/methods/base.py", line 84, in emit
    return await bot(self)
           ^^^^^^^^^^^^^^^
  File "/workspaces/1234567890/.venv/lib/python3.12/site-packages/aiogram/client/bot.py", line 487, in __call__
    return await self.session(self, method, timeout=request_timeout)
           ^^^^^^^^^^^^^^^^^^^^^^^^^^^^^^^^^^^^^^^^^^^^^^^^^^^^^^^^^
  File "/workspaces/1234567890/.venv/lib/python3.12/site-packages/aiogram/client/session/base.py", line 254, in __call__
    return cast(TelegramType, await middleware(bot, method))
                              ^^^^^^^^^^^^^^^^^^^^^^^^^^^^^
  File "/workspaces/1234567890/.venv/lib/python3.12/site-packages/aiogram/client/session/aiohttp.py", line 189, in make_request
    response = self.check_response(
               ^^^^^^^^^^^^^^^^^^^^
  File "/workspaces/1234567890/.venv/lib/python3.12/site-packages/aiogram/client/session/base.py", line 120, in check_response
    raise TelegramBadRequest(method=method, message=description)
aiogram.exceptions.TelegramBadRequest: Telegram server says - Bad Request: message is not modified: specified new message content and reply markup are exactly the same as a current content and reply markup of the message
2026-01-31 09:28:02,974 - INFO - Sent task list to user Василий П.П., count: 1
2026-01-31 09:28:02,974 - INFO - Update id=805948115 is handled. Duration 43 ms by bot id=8484197003
2026-01-31 09:28:06,383 - INFO - Task detail shown: 1, status: ещё не смотрел
2026-01-31 09:28:06,383 - INFO - Update id=805948116 is handled. Duration 2125 ms by bot id=8484197003
2026-01-31 09:28:34,157 - INFO - Exporting all tasks, total count: 1
2026-01-31 09:28:34,282 - INFO - Tasks exported to Excel and sent to admin 5016152706
2026-01-31 09:28:34,282 - INFO - Update id=805948117 is handled. Duration 129 ms by bot id=8484197003
2026-01-31 09:31:23,198 - INFO - No tasks found for user Валерий А.Ф
2026-01-31 09:31:23,199 - INFO - Update id=805948118 is handled. Duration 59 ms by bot id=8484197003
2026-01-31 09:31:24,599 - INFO - Admin panel opened for user Валерий А.Ф
2026-01-31 09:31:24,599 - INFO - Update id=805948119 is handled. Duration 210 ms by bot id=8484197003
2026-01-31 09:31:26,607 - INFO - Update id=805948120 is not handled. Duration 1 ms by bot id=8484197003
2026-01-31 09:31:36,874 - INFO - Update id=805948121 is not handled. Duration 1 ms by bot id=8484197003
2026-01-31 09:31:39,372 - INFO - Update id=805948122 is not handled. Duration 1 ms by bot id=8484197003
2026-01-31 09:31:39,557 - INFO - Update id=805948123 is not handled. Duration 1 ms by bot id=8484197003
2026-01-31 09:31:39,726 - INFO - Update id=805948124 is not handled. Duration 1 ms by bot id=8484197003
2026-01-31 09:31:39,925 - INFO - Update id=805948125 is not handled. Duration 1 ms by bot id=8484197003
2026-01-31 09:31:42,139 - INFO - Update id=805948126 is not handled. Duration 1 ms by bot id=8484197003
2026-01-31 09:31:42,308 - INFO - Update id=805948127 is not handled. Duration 0 ms by bot id=8484197003
2026-01-31 09:31:43,885 - INFO - Exporting all tasks, total count: 1
2026-01-31 09:31:44,248 - INFO - Tasks exported to Excel and sent to admin 5305657930
2026-01-31 09:31:44,248 - INFO - Update id=805948128 is handled. Duration 364 ms by bot id=8484197003
2026-01-31 09:31:44,765 - INFO - Update id=805948129 is not handled. Duration 1 ms by bot id=8484197003
2026-01-31 09:31:45,385 - INFO - Update id=805948130 is not handled. Duration 1 ms by bot id=8484197003
2026-01-31 09:31:45,386 - ERROR - Cause exception while process update id=805948130 by bot id=8484197003
ValidationError: 1 validation error for EditMessageText
reply_markup
  Input should be a valid dictionary or instance of InlineKeyboardMarkup [type=model_type, input_value=ReplyKeyboardMarkup(keybo...er=None, selective=None), input_type=ReplyKeyboardMarkup]
    For further information visit https://errors.pydantic.dev/2.9/v/model_type
Traceback (most recent call last):
  File "/workspaces/1234567890/.venv/lib/python3.12/site-packages/aiogram/dispatcher/dispatcher.py", line 309, in _process_update
    response = await self.feed_update(bot, update, **kwargs)
               ^^^^^^^^^^^^^^^^^^^^^^^^^^^^^^^^^^^^^^^^^^^^^
  File "/workspaces/1234567890/.venv/lib/python3.12/site-packages/aiogram/dispatcher/dispatcher.py", line 158, in feed_update
    response = await self.update.wrap_outer_middleware(
               ^^^^^^^^^^^^^^^^^^^^^^^^^^^^^^^^^^^^^^^^
  File "/workspaces/1234567890/.venv/lib/python3.12/site-packages/aiogram/dispatcher/middlewares/error.py", line 25, in __call__
    return await handler(event, data)
           ^^^^^^^^^^^^^^^^^^^^^^^^^^
  File "/workspaces/1234567890/.venv/lib/python3.12/site-packages/aiogram/dispatcher/middlewares/user_context.py", line 56, in __call__
    return await handler(event, data)
           ^^^^^^^^^^^^^^^^^^^^^^^^^^
  File "/workspaces/1234567890/.venv/lib/python3.12/site-packages/aiogram/fsm/middleware.py", line 42, in __call__
    return await handler(event, data)
           ^^^^^^^^^^^^^^^^^^^^^^^^^^
  File "/workspaces/1234567890/.venv/lib/python3.12/site-packages/aiogram/dispatcher/event/telegram.py", line 121, in trigger
    return await wrapped_inner(event, kwargs)
           ^^^^^^^^^^^^^^^^^^^^^^^^^^^^^^^^^^
  File "/workspaces/1234567890/.venv/lib/python3.12/site-packages/aiogram/dispatcher/event/handler.py", line 43, in call
    return await wrapped()
           ^^^^^^^^^^^^^^^
  File "/workspaces/1234567890/.venv/lib/python3.12/site-packages/aiogram/dispatcher/dispatcher.py", line 276, in _listen_update
    return await self.propagate_event(update_type=update_type, event=event, **kwargs)
           ^^^^^^^^^^^^^^^^^^^^^^^^^^^^^^^^^^^^^^^^^^^^^^^^^^^^^^^^^^^^^^^^^^^^^^^^^^
  File "/workspaces/1234567890/.venv/lib/python3.12/site-packages/aiogram/dispatcher/router.py", line 146, in propagate_event
    return await observer.wrap_outer_middleware(_wrapped, event=event, data=kwargs)
           ^^^^^^^^^^^^^^^^^^^^^^^^^^^^^^^^^^^^^^^^^^^^^^^^^^^^^^^^^^^^^^^^^^^^^^^^
  File "/workspaces/1234567890/.venv/lib/python3.12/site-packages/aiogram/dispatcher/router.py", line 141, in _wrapped
    return await self._propagate_event(
           ^^^^^^^^^^^^^^^^^^^^^^^^^^^^
  File "/workspaces/1234567890/.venv/lib/python3.12/site-packages/aiogram/dispatcher/router.py", line 174, in _propagate_event
    response = await router.propagate_event(update_type=update_type, event=event, **kwargs)
               ^^^^^^^^^^^^^^^^^^^^^^^^^^^^^^^^^^^^^^^^^^^^^^^^^^^^^^^^^^^^^^^^^^^^^^^^^^^^
  File "/workspaces/1234567890/.venv/lib/python3.12/site-packages/aiogram/dispatcher/router.py", line 146, in propagate_event
    return await observer.wrap_outer_middleware(_wrapped, event=event, data=kwargs)
           ^^^^^^^^^^^^^^^^^^^^^^^^^^^^^^^^^^^^^^^^^^^^^^^^^^^^^^^^^^^^^^^^^^^^^^^^
  File "/workspaces/1234567890/.venv/lib/python3.12/site-packages/aiogram/dispatcher/router.py", line 141, in _wrapped
    return await self._propagate_event(
           ^^^^^^^^^^^^^^^^^^^^^^^^^^^^
  File "/workspaces/1234567890/.venv/lib/python3.12/site-packages/aiogram/dispatcher/router.py", line 166, in _propagate_event
    response = await observer.trigger(event, **kwargs)
               ^^^^^^^^^^^^^^^^^^^^^^^^^^^^^^^^^^^^^^^
  File "/workspaces/1234567890/.venv/lib/python3.12/site-packages/aiogram/dispatcher/event/telegram.py", line 121, in trigger
    return await wrapped_inner(event, kwargs)
           ^^^^^^^^^^^^^^^^^^^^^^^^^^^^^^^^^^
  File "/workspaces/1234567890/.venv/lib/python3.12/site-packages/aiogram/dispatcher/event/handler.py", line 43, in call
    return await wrapped()
           ^^^^^^^^^^^^^^^
  File "/workspaces/1234567890/bot.py", line 442, in back_to_main
    await callback.message.edit_text("Главное меню:", reply_markup=main_menu(user.is_admin))
          ^^^^^^^^^^^^^^^^^^^^^^^^^^^^^^^^^^^^^^^^^^^^^^^^^^^^^^^^^^^^^^^^^^^^^^^^^^^^^^^^^^
  File "/workspaces/1234567890/.venv/lib/python3.12/site-packages/aiogram/types/message.py", line 3670, in edit_text
    return EditMessageText(
           ^^^^^^^^^^^^^^^^
  File "/workspaces/1234567890/.venv/lib/python3.12/site-packages/pydantic/main.py", line 212, in __init__
    validated_self = self.__pydantic_validator__.validate_python(data, self_instance=self)
                     ^^^^^^^^^^^^^^^^^^^^^^^^^^^^^^^^^^^^^^^^^^^^^^^^^^^^^^^^^^^^^^^^^^^^^
pydantic_core._pydantic_core.ValidationError: 1 validation error for EditMessageText
reply_markup
  Input should be a valid dictionary or instance of InlineKeyboardMarkup [type=model_type, input_value=ReplyKeyboardMarkup(keybo...er=None, selective=None), input_type=ReplyKeyboardMarkup]
    For further information visit https://errors.pydantic.dev/2.9/v/model_type
2026-01-31 09:31:49,400 - INFO - Update id=805948131 is not handled. Duration 35 ms by bot id=8484197003
2026-01-31 09:31:49,401 - ERROR - Cause exception while process update id=805948131 by bot id=8484197003
TelegramBadRequest: Telegram server says - Bad Request: message is not modified: specified new message content and reply markup are exactly the same as a current content and reply markup of the message
Traceback (most recent call last):
  File "/workspaces/1234567890/.venv/lib/python3.12/site-packages/aiogram/dispatcher/dispatcher.py", line 309, in _process_update
    response = await self.feed_update(bot, update, **kwargs)
               ^^^^^^^^^^^^^^^^^^^^^^^^^^^^^^^^^^^^^^^^^^^^^
  File "/workspaces/1234567890/.venv/lib/python3.12/site-packages/aiogram/dispatcher/dispatcher.py", line 158, in feed_update
    response = await self.update.wrap_outer_middleware(
               ^^^^^^^^^^^^^^^^^^^^^^^^^^^^^^^^^^^^^^^^
  File "/workspaces/1234567890/.venv/lib/python3.12/site-packages/aiogram/dispatcher/middlewares/error.py", line 25, in __call__
    return await handler(event, data)
           ^^^^^^^^^^^^^^^^^^^^^^^^^^
  File "/workspaces/1234567890/.venv/lib/python3.12/site-packages/aiogram/dispatcher/middlewares/user_context.py", line 56, in __call__
    return await handler(event, data)
           ^^^^^^^^^^^^^^^^^^^^^^^^^^
  File "/workspaces/1234567890/.venv/lib/python3.12/site-packages/aiogram/fsm/middleware.py", line 42, in __call__
    return await handler(event, data)
           ^^^^^^^^^^^^^^^^^^^^^^^^^^
  File "/workspaces/1234567890/.venv/lib/python3.12/site-packages/aiogram/dispatcher/event/telegram.py", line 121, in trigger
    return await wrapped_inner(event, kwargs)
           ^^^^^^^^^^^^^^^^^^^^^^^^^^^^^^^^^^
  File "/workspaces/1234567890/.venv/lib/python3.12/site-packages/aiogram/dispatcher/event/handler.py", line 43, in call
    return await wrapped()
           ^^^^^^^^^^^^^^^
  File "/workspaces/1234567890/.venv/lib/python3.12/site-packages/aiogram/dispatcher/dispatcher.py", line 276, in _listen_update
    return await self.propagate_event(update_type=update_type, event=event, **kwargs)
           ^^^^^^^^^^^^^^^^^^^^^^^^^^^^^^^^^^^^^^^^^^^^^^^^^^^^^^^^^^^^^^^^^^^^^^^^^^
  File "/workspaces/1234567890/.venv/lib/python3.12/site-packages/aiogram/dispatcher/router.py", line 146, in propagate_event
    return await observer.wrap_outer_middleware(_wrapped, event=event, data=kwargs)
           ^^^^^^^^^^^^^^^^^^^^^^^^^^^^^^^^^^^^^^^^^^^^^^^^^^^^^^^^^^^^^^^^^^^^^^^^
  File "/workspaces/1234567890/.venv/lib/python3.12/site-packages/aiogram/dispatcher/router.py", line 141, in _wrapped
    return await self._propagate_event(
           ^^^^^^^^^^^^^^^^^^^^^^^^^^^^
  File "/workspaces/1234567890/.venv/lib/python3.12/site-packages/aiogram/dispatcher/router.py", line 174, in _propagate_event
    response = await router.propagate_event(update_type=update_type, event=event, **kwargs)
               ^^^^^^^^^^^^^^^^^^^^^^^^^^^^^^^^^^^^^^^^^^^^^^^^^^^^^^^^^^^^^^^^^^^^^^^^^^^^
  File "/workspaces/1234567890/.venv/lib/python3.12/site-packages/aiogram/dispatcher/router.py", line 146, in propagate_event
    return await observer.wrap_outer_middleware(_wrapped, event=event, data=kwargs)
           ^^^^^^^^^^^^^^^^^^^^^^^^^^^^^^^^^^^^^^^^^^^^^^^^^^^^^^^^^^^^^^^^^^^^^^^^
  File "/workspaces/1234567890/.venv/lib/python3.12/site-packages/aiogram/dispatcher/router.py", line 141, in _wrapped
    return await self._propagate_event(
           ^^^^^^^^^^^^^^^^^^^^^^^^^^^^
  File "/workspaces/1234567890/.venv/lib/python3.12/site-packages/aiogram/dispatcher/router.py", line 166, in _propagate_event
    response = await observer.trigger(event, **kwargs)
               ^^^^^^^^^^^^^^^^^^^^^^^^^^^^^^^^^^^^^^^
  File "/workspaces/1234567890/.venv/lib/python3.12/site-packages/aiogram/dispatcher/event/telegram.py", line 121, in trigger
    return await wrapped_inner(event, kwargs)
           ^^^^^^^^^^^^^^^^^^^^^^^^^^^^^^^^^^
  File "/workspaces/1234567890/.venv/lib/python3.12/site-packages/aiogram/dispatcher/event/handler.py", line 43, in call
    return await wrapped()
           ^^^^^^^^^^^^^^^
  File "/workspaces/1234567890/bot.py", line 374, in update_status
    await callback.message.edit_reply_markup(reply_markup=task_actions(task.id))
  File "/workspaces/1234567890/.venv/lib/python3.12/site-packages/aiogram/methods/base.py", line 84, in emit
    return await bot(self)
           ^^^^^^^^^^^^^^^
  File "/workspaces/1234567890/.venv/lib/python3.12/site-packages/aiogram/client/bot.py", line 487, in __call__
    return await self.session(self, method, timeout=request_timeout)
           ^^^^^^^^^^^^^^^^^^^^^^^^^^^^^^^^^^^^^^^^^^^^^^^^^^^^^^^^^
  File "/workspaces/1234567890/.venv/lib/python3.12/site-packages/aiogram/client/session/base.py", line 254, in __call__
    return cast(TelegramType, await middleware(bot, method))
                              ^^^^^^^^^^^^^^^^^^^^^^^^^^^^^
  File "/workspaces/1234567890/.venv/lib/python3.12/site-packages/aiogram/client/session/aiohttp.py", line 189, in make_request
    response = self.check_response(
               ^^^^^^^^^^^^^^^^^^^^
  File "/workspaces/1234567890/.venv/lib/python3.12/site-packages/aiogram/client/session/base.py", line 120, in check_response
    raise TelegramBadRequest(method=method, message=description)
aiogram.exceptions.TelegramBadRequest: Telegram server says - Bad Request: message is not modified: specified new message content and reply markup are exactly the same as a current content and reply markup of the message
2026-01-31 09:31:52,053 - INFO - Update id=805948132 is not handled. Duration 57 ms by bot id=8484197003
2026-01-31 09:31:52,053 - ERROR - Cause exception while process update id=805948132 by bot id=8484197003
TelegramBadRequest: Telegram server says - Bad Request: message is not modified: specified new message content and reply markup are exactly the same as a current content and reply markup of the message
Traceback (most recent call last):
  File "/workspaces/1234567890/.venv/lib/python3.12/site-packages/aiogram/dispatcher/dispatcher.py", line 309, in _process_update
    response = await self.feed_update(bot, update, **kwargs)
               ^^^^^^^^^^^^^^^^^^^^^^^^^^^^^^^^^^^^^^^^^^^^^
  File "/workspaces/1234567890/.venv/lib/python3.12/site-packages/aiogram/dispatcher/dispatcher.py", line 158, in feed_update
    response = await self.update.wrap_outer_middleware(
               ^^^^^^^^^^^^^^^^^^^^^^^^^^^^^^^^^^^^^^^^
  File "/workspaces/1234567890/.venv/lib/python3.12/site-packages/aiogram/dispatcher/middlewares/error.py", line 25, in __call__
    return await handler(event, data)
           ^^^^^^^^^^^^^^^^^^^^^^^^^^
  File "/workspaces/1234567890/.venv/lib/python3.12/site-packages/aiogram/dispatcher/middlewares/user_context.py", line 56, in __call__
    return await handler(event, data)
           ^^^^^^^^^^^^^^^^^^^^^^^^^^
  File "/workspaces/1234567890/.venv/lib/python3.12/site-packages/aiogram/fsm/middleware.py", line 42, in __call__
    return await handler(event, data)
           ^^^^^^^^^^^^^^^^^^^^^^^^^^
  File "/workspaces/1234567890/.venv/lib/python3.12/site-packages/aiogram/dispatcher/event/telegram.py", line 121, in trigger
    return await wrapped_inner(event, kwargs)
           ^^^^^^^^^^^^^^^^^^^^^^^^^^^^^^^^^^
  File "/workspaces/1234567890/.venv/lib/python3.12/site-packages/aiogram/dispatcher/event/handler.py", line 43, in call
    return await wrapped()
           ^^^^^^^^^^^^^^^
  File "/workspaces/1234567890/.venv/lib/python3.12/site-packages/aiogram/dispatcher/dispatcher.py", line 276, in _listen_update
    return await self.propagate_event(update_type=update_type, event=event, **kwargs)
           ^^^^^^^^^^^^^^^^^^^^^^^^^^^^^^^^^^^^^^^^^^^^^^^^^^^^^^^^^^^^^^^^^^^^^^^^^^
  File "/workspaces/1234567890/.venv/lib/python3.12/site-packages/aiogram/dispatcher/router.py", line 146, in propagate_event
    return await observer.wrap_outer_middleware(_wrapped, event=event, data=kwargs)
           ^^^^^^^^^^^^^^^^^^^^^^^^^^^^^^^^^^^^^^^^^^^^^^^^^^^^^^^^^^^^^^^^^^^^^^^^
  File "/workspaces/1234567890/.venv/lib/python3.12/site-packages/aiogram/dispatcher/router.py", line 141, in _wrapped
    return await self._propagate_event(
           ^^^^^^^^^^^^^^^^^^^^^^^^^^^^
  File "/workspaces/1234567890/.venv/lib/python3.12/site-packages/aiogram/dispatcher/router.py", line 174, in _propagate_event
    response = await router.propagate_event(update_type=update_type, event=event, **kwargs)
               ^^^^^^^^^^^^^^^^^^^^^^^^^^^^^^^^^^^^^^^^^^^^^^^^^^^^^^^^^^^^^^^^^^^^^^^^^^^^
  File "/workspaces/1234567890/.venv/lib/python3.12/site-packages/aiogram/dispatcher/router.py", line 146, in propagate_event
    return await observer.wrap_outer_middleware(_wrapped, event=event, data=kwargs)
           ^^^^^^^^^^^^^^^^^^^^^^^^^^^^^^^^^^^^^^^^^^^^^^^^^^^^^^^^^^^^^^^^^^^^^^^^
  File "/workspaces/1234567890/.venv/lib/python3.12/site-packages/aiogram/dispatcher/router.py", line 141, in _wrapped
    return await self._propagate_event(
           ^^^^^^^^^^^^^^^^^^^^^^^^^^^^
  File "/workspaces/1234567890/.venv/lib/python3.12/site-packages/aiogram/dispatcher/router.py", line 166, in _propagate_event
    response = await observer.trigger(event, **kwargs)
               ^^^^^^^^^^^^^^^^^^^^^^^^^^^^^^^^^^^^^^^
  File "/workspaces/1234567890/.venv/lib/python3.12/site-packages/aiogram/dispatcher/event/telegram.py", line 121, in trigger
    return await wrapped_inner(event, kwargs)
           ^^^^^^^^^^^^^^^^^^^^^^^^^^^^^^^^^^
  File "/workspaces/1234567890/.venv/lib/python3.12/site-packages/aiogram/dispatcher/event/handler.py", line 43, in call
    return await wrapped()
           ^^^^^^^^^^^^^^^
  File "/workspaces/1234567890/bot.py", line 374, in update_status
    await callback.message.edit_reply_markup(reply_markup=task_actions(task.id))
  File "/workspaces/1234567890/.venv/lib/python3.12/site-packages/aiogram/methods/base.py", line 84, in emit
    return await bot(self)
           ^^^^^^^^^^^^^^^
  File "/workspaces/1234567890/.venv/lib/python3.12/site-packages/aiogram/client/bot.py", line 487, in __call__
    return await self.session(self, method, timeout=request_timeout)
           ^^^^^^^^^^^^^^^^^^^^^^^^^^^^^^^^^^^^^^^^^^^^^^^^^^^^^^^^^
  File "/workspaces/1234567890/.venv/lib/python3.12/site-packages/aiogram/client/session/base.py", line 254, in __call__
    return cast(TelegramType, await middleware(bot, method))
                              ^^^^^^^^^^^^^^^^^^^^^^^^^^^^^
  File "/workspaces/1234567890/.venv/lib/python3.12/site-packages/aiogram/client/session/aiohttp.py", line 189, in make_request
    response = self.check_response(
               ^^^^^^^^^^^^^^^^^^^^
  File "/workspaces/1234567890/.venv/lib/python3.12/site-packages/aiogram/client/session/base.py", line 120, in check_response
    raise TelegramBadRequest(method=method, message=description)
aiogram.exceptions.TelegramBadRequest: Telegram server says - Bad Request: message is not modified: specified new message content and reply markup are exactly the same as a current content and reply markup of the message
2026-01-31 09:31:57,854 - WARNING - Received SIGINT signal
2026-01-31 09:31:57,855 - INFO - Polling stopped for bot @Buzzer_bot_bot id=8484197003 - 'BUZZER'
2026-01-31 09:31:57,855 - INFO - Polling stopped
2026-01-31 09:32:03,300 - INFO - Scheduler started
2026-01-31 09:32:03,300 - INFO - Bot started
2026-01-31 09:32:03,339 - INFO - Start polling
2026-01-31 09:32:03,376 - INFO - Run polling for bot @Buzzer_bot_bot id=8484197003 - 'BUZZER'
2026-01-31 09:32:03,402 - INFO - Update id=805948133 is not handled. Duration 7 ms by bot id=8484197003
2026-01-31 09:32:03,403 - ERROR - Cause exception while process update id=805948133 by bot id=8484197003
ValidationError: 1 validation error for EditMessageText
reply_markup
  Input should be a valid dictionary or instance of InlineKeyboardMarkup [type=model_type, input_value=ReplyKeyboardMarkup(keybo...er=None, selective=None), input_type=ReplyKeyboardMarkup]
    For further information visit https://errors.pydantic.dev/2.9/v/model_type
Traceback (most recent call last):
  File "/workspaces/1234567890/.venv/lib/python3.12/site-packages/aiogram/dispatcher/dispatcher.py", line 309, in _process_update
    response = await self.feed_update(bot, update, **kwargs)
               ^^^^^^^^^^^^^^^^^^^^^^^^^^^^^^^^^^^^^^^^^^^^^
  File "/workspaces/1234567890/.venv/lib/python3.12/site-packages/aiogram/dispatcher/dispatcher.py", line 158, in feed_update
    response = await self.update.wrap_outer_middleware(
               ^^^^^^^^^^^^^^^^^^^^^^^^^^^^^^^^^^^^^^^^
  File "/workspaces/1234567890/.venv/lib/python3.12/site-packages/aiogram/dispatcher/middlewares/error.py", line 25, in __call__
    return await handler(event, data)
           ^^^^^^^^^^^^^^^^^^^^^^^^^^
  File "/workspaces/1234567890/.venv/lib/python3.12/site-packages/aiogram/dispatcher/middlewares/user_context.py", line 56, in __call__
    return await handler(event, data)
           ^^^^^^^^^^^^^^^^^^^^^^^^^^
  File "/workspaces/1234567890/.venv/lib/python3.12/site-packages/aiogram/fsm/middleware.py", line 42, in __call__
    return await handler(event, data)
           ^^^^^^^^^^^^^^^^^^^^^^^^^^
  File "/workspaces/1234567890/.venv/lib/python3.12/site-packages/aiogram/dispatcher/event/telegram.py", line 121, in trigger
    return await wrapped_inner(event, kwargs)
           ^^^^^^^^^^^^^^^^^^^^^^^^^^^^^^^^^^
  File "/workspaces/1234567890/.venv/lib/python3.12/site-packages/aiogram/dispatcher/event/handler.py", line 43, in call
    return await wrapped()
           ^^^^^^^^^^^^^^^
  File "/workspaces/1234567890/.venv/lib/python3.12/site-packages/aiogram/dispatcher/dispatcher.py", line 276, in _listen_update
    return await self.propagate_event(update_type=update_type, event=event, **kwargs)
           ^^^^^^^^^^^^^^^^^^^^^^^^^^^^^^^^^^^^^^^^^^^^^^^^^^^^^^^^^^^^^^^^^^^^^^^^^^
  File "/workspaces/1234567890/.venv/lib/python3.12/site-packages/aiogram/dispatcher/router.py", line 146, in propagate_event
    return await observer.wrap_outer_middleware(_wrapped, event=event, data=kwargs)
           ^^^^^^^^^^^^^^^^^^^^^^^^^^^^^^^^^^^^^^^^^^^^^^^^^^^^^^^^^^^^^^^^^^^^^^^^
  File "/workspaces/1234567890/.venv/lib/python3.12/site-packages/aiogram/dispatcher/router.py", line 141, in _wrapped
    return await self._propagate_event(
           ^^^^^^^^^^^^^^^^^^^^^^^^^^^^
  File "/workspaces/1234567890/.venv/lib/python3.12/site-packages/aiogram/dispatcher/router.py", line 174, in _propagate_event
    response = await router.propagate_event(update_type=update_type, event=event, **kwargs)
               ^^^^^^^^^^^^^^^^^^^^^^^^^^^^^^^^^^^^^^^^^^^^^^^^^^^^^^^^^^^^^^^^^^^^^^^^^^^^
  File "/workspaces/1234567890/.venv/lib/python3.12/site-packages/aiogram/dispatcher/router.py", line 146, in propagate_event
    return await observer.wrap_outer_middleware(_wrapped, event=event, data=kwargs)
           ^^^^^^^^^^^^^^^^^^^^^^^^^^^^^^^^^^^^^^^^^^^^^^^^^^^^^^^^^^^^^^^^^^^^^^^^
  File "/workspaces/1234567890/.venv/lib/python3.12/site-packages/aiogram/dispatcher/router.py", line 141, in _wrapped
    return await self._propagate_event(
           ^^^^^^^^^^^^^^^^^^^^^^^^^^^^
  File "/workspaces/1234567890/.venv/lib/python3.12/site-packages/aiogram/dispatcher/router.py", line 166, in _propagate_event
    response = await observer.trigger(event, **kwargs)
               ^^^^^^^^^^^^^^^^^^^^^^^^^^^^^^^^^^^^^^^
  File "/workspaces/1234567890/.venv/lib/python3.12/site-packages/aiogram/dispatcher/event/telegram.py", line 121, in trigger
    return await wrapped_inner(event, kwargs)
           ^^^^^^^^^^^^^^^^^^^^^^^^^^^^^^^^^^
  File "/workspaces/1234567890/.venv/lib/python3.12/site-packages/aiogram/dispatcher/event/handler.py", line 43, in call
    return await wrapped()
           ^^^^^^^^^^^^^^^
  File "/workspaces/1234567890/bot.py", line 442, in back_to_main
    await callback.message.edit_text("Главное меню:", reply_markup=main_menu(user.is_admin))
          ^^^^^^^^^^^^^^^^^^^^^^^^^^^^^^^^^^^^^^^^^^^^^^^^^^^^^^^^^^^^^^^^^^^^^^^^^^^^^^^^^^
  File "/workspaces/1234567890/.venv/lib/python3.12/site-packages/aiogram/types/message.py", line 3670, in edit_text
    return EditMessageText(
           ^^^^^^^^^^^^^^^^
  File "/workspaces/1234567890/.venv/lib/python3.12/site-packages/pydantic/main.py", line 212, in __init__
    validated_self = self.__pydantic_validator__.validate_python(data, self_instance=self)
                     ^^^^^^^^^^^^^^^^^^^^^^^^^^^^^^^^^^^^^^^^^^^^^^^^^^^^^^^^^^^^^^^^^^^^^
pydantic_core._pydantic_core.ValidationError: 1 validation error for EditMessageText
reply_markup
  Input should be a valid dictionary or instance of InlineKeyboardMarkup [type=model_type, input_value=ReplyKeyboardMarkup(keybo...er=None, selective=None), input_type=ReplyKeyboardMarkup]
    For further information visit https://errors.pydantic.dev/2.9/v/model_type
2026-01-31 09:32:10,359 - INFO - User 5305657930 (Seaborgium_element) started bot
2026-01-31 09:32:10,441 - INFO - Welcome message sent to Валерий А.Ф
2026-01-31 09:32:10,441 - INFO - Update id=805948134 is handled. Duration 83 ms by bot id=8484197003
2026-01-31 09:32:18,357 - INFO - Update id=805948135 is not handled. Duration 1 ms by bot id=8484197003
2026-01-31 09:32:18,435 - WARNING - Received SIGINT signal
2026-01-31 09:32:18,435 - INFO - Polling stopped for bot @Buzzer_bot_bot id=8484197003 - 'BUZZER'
2026-01-31 09:32:18,436 - INFO - Polling stopped
2026-01-31 09:32:23,916 - INFO - Scheduler started
2026-01-31 09:32:23,916 - INFO - Bot started
2026-01-31 09:32:23,944 - INFO - Start polling
2026-01-31 09:32:23,968 - INFO - Run polling for bot @Buzzer_bot_bot id=8484197003 - 'BUZZER'
2026-01-31 09:32:23,995 - INFO - Update id=805948136 is not handled. Duration 2 ms by bot id=8484197003
2026-01-31 09:32:23,995 - INFO - Update id=805948137 is not handled. Duration 2 ms by bot id=8484197003
2026-01-31 09:32:26,472 - INFO - User 5305657930 (Seaborgium_element) started bot
2026-01-31 09:32:26,539 - INFO - Welcome message sent to Валерий А.Ф
2026-01-31 09:32:26,539 - INFO - Update id=805948138 is handled. Duration 67 ms by bot id=8484197003
2026-01-31 09:32:29,382 - INFO - Admin panel opened for user Валерий А.Ф
2026-01-31 09:32:29,383 - INFO - Update id=805948139 is handled. Duration 53 ms by bot id=8484197003
2026-01-31 09:32:32,284 - INFO - User 6911846159 (Константин) started bot
2026-01-31 09:32:32,311 - INFO - Welcome message sent to Василий П.П.
2026-01-31 09:32:32,311 - INFO - Update id=805948140 is handled. Duration 27 ms by bot id=8484197003
2026-01-31 09:32:36,614 - INFO - Update id=805948141 is not handled. Duration 1 ms by bot id=8484197003
2026-01-31 09:32:43,908 - INFO - Update id=805948142 is not handled. Duration 1 ms by bot id=8484197003
2026-01-31 09:32:45,535 - INFO - Update id=805948143 is not handled. Duration 1 ms by bot id=8484197003
2026-01-31 09:32:45,715 - INFO - Update id=805948144 is not handled. Duration 0 ms by bot id=8484197003
2026-01-31 09:32:45,899 - INFO - Update id=805948145 is not handled. Duration 1 ms by bot id=8484197003
2026-01-31 09:32:46,066 - INFO - Update id=805948146 is not handled. Duration 1 ms by bot id=8484197003
2026-01-31 09:32:46,470 - INFO - Update id=805948147 is not handled. Duration 1 ms by bot id=8484197003
2026-01-31 09:32:49,072 - INFO - Update id=805948148 is not handled. Duration 1 ms by bot id=8484197003
2026-01-31 09:32:49,187 - INFO - Update id=805948149 is not handled. Duration 4 ms by bot id=8484197003
2026-01-31 09:32:49,330 - INFO - Update id=805948150 is not handled. Duration 1 ms by bot id=8484197003
2026-01-31 09:32:49,474 - INFO - Update id=805948151 is not handled. Duration 1 ms by bot id=8484197003
2026-01-31 09:32:49,643 - INFO - Update id=805948152 is not handled. Duration 0 ms by bot id=8484197003
2026-01-31 09:32:54,077 - INFO - Update id=805948153 is not handled. Duration 1 ms by bot id=8484197003
2026-01-31 09:32:54,328 - INFO - Update id=805948154 is not handled. Duration 1 ms by bot id=8484197003
2026-01-31 09:32:54,712 - INFO - Admin 5305657930 started promoting user to admin
2026-01-31 09:32:54,712 - INFO - Update id=805948155 is handled. Duration 47 ms by bot id=8484197003
2026-01-31 09:32:54,825 - INFO - Admin 5305657930 started promoting user to admin
2026-01-31 09:32:54,825 - INFO - Update id=805948156 is handled. Duration 35 ms by bot id=8484197003
2026-01-31 09:32:54,884 - INFO - Update id=805948157 is not handled. Duration 1 ms by bot id=8484197003
2026-01-31 09:33:21,963 - WARNING - Admin 5305657930 tried to promote non-existent user: Ортодонт
2026-01-31 09:33:21,963 - INFO - Update id=805948158 is handled. Duration 117 ms by bot id=8484197003
2026-01-31 09:33:26,248 - INFO - Admin panel opened for user Валерий А.Ф
2026-01-31 09:33:26,249 - INFO - Update id=805948159 is handled. Duration 33 ms by bot id=8484197003
2026-01-31 09:33:50,349 - INFO - Update id=805948160 is not handled. Duration 1 ms by bot id=8484197003
2026-01-31 09:33:54,173 - INFO - Update id=805948161 is not handled. Duration 1 ms by bot id=8484197003
2026-01-31 09:33:57,913 - INFO - Admin 5305657930 started adding task manually
2026-01-31 09:33:57,913 - INFO - Update id=805948162 is handled. Duration 80 ms by bot id=8484197003
2026-01-31 09:34:14,893 - INFO - Update id=805948163 is not handled. Duration 1 ms by bot id=8484197003
2026-01-31 09:34:16,099 - INFO - Update id=805948164 is not handled. Duration 1 ms by bot id=8484197003
2026-01-31 09:34:17,758 - INFO - Update id=805948165 is not handled. Duration 1 ms by bot id=8484197003
2026-01-31 09:34:17,758 - ERROR - Cause exception while process update id=805948165 by bot id=8484197003
ValidationError: 1 validation error for EditMessageText
reply_markup
  Input should be a valid dictionary or instance of InlineKeyboardMarkup [type=model_type, input_value=ReplyKeyboardMarkup(keybo...er=None, selective=None), input_type=ReplyKeyboardMarkup]
    For further information visit https://errors.pydantic.dev/2.9/v/model_type
Traceback (most recent call last):
  File "/workspaces/1234567890/.venv/lib/python3.12/site-packages/aiogram/dispatcher/dispatcher.py", line 309, in _process_update
    response = await self.feed_update(bot, update, **kwargs)
               ^^^^^^^^^^^^^^^^^^^^^^^^^^^^^^^^^^^^^^^^^^^^^
  File "/workspaces/1234567890/.venv/lib/python3.12/site-packages/aiogram/dispatcher/dispatcher.py", line 158, in feed_update
    response = await self.update.wrap_outer_middleware(
               ^^^^^^^^^^^^^^^^^^^^^^^^^^^^^^^^^^^^^^^^
  File "/workspaces/1234567890/.venv/lib/python3.12/site-packages/aiogram/dispatcher/middlewares/error.py", line 25, in __call__
    return await handler(event, data)
           ^^^^^^^^^^^^^^^^^^^^^^^^^^
  File "/workspaces/1234567890/.venv/lib/python3.12/site-packages/aiogram/dispatcher/middlewares/user_context.py", line 56, in __call__
    return await handler(event, data)
           ^^^^^^^^^^^^^^^^^^^^^^^^^^
  File "/workspaces/1234567890/.venv/lib/python3.12/site-packages/aiogram/fsm/middleware.py", line 42, in __call__
    return await handler(event, data)
           ^^^^^^^^^^^^^^^^^^^^^^^^^^
  File "/workspaces/1234567890/.venv/lib/python3.12/site-packages/aiogram/dispatcher/event/telegram.py", line 121, in trigger
    return await wrapped_inner(event, kwargs)
           ^^^^^^^^^^^^^^^^^^^^^^^^^^^^^^^^^^
  File "/workspaces/1234567890/.venv/lib/python3.12/site-packages/aiogram/dispatcher/event/handler.py", line 43, in call
    return await wrapped()
           ^^^^^^^^^^^^^^^
  File "/workspaces/1234567890/.venv/lib/python3.12/site-packages/aiogram/dispatcher/dispatcher.py", line 276, in _listen_update
    return await self.propagate_event(update_type=update_type, event=event, **kwargs)
           ^^^^^^^^^^^^^^^^^^^^^^^^^^^^^^^^^^^^^^^^^^^^^^^^^^^^^^^^^^^^^^^^^^^^^^^^^^
  File "/workspaces/1234567890/.venv/lib/python3.12/site-packages/aiogram/dispatcher/router.py", line 146, in propagate_event
    return await observer.wrap_outer_middleware(_wrapped, event=event, data=kwargs)
           ^^^^^^^^^^^^^^^^^^^^^^^^^^^^^^^^^^^^^^^^^^^^^^^^^^^^^^^^^^^^^^^^^^^^^^^^
  File "/workspaces/1234567890/.venv/lib/python3.12/site-packages/aiogram/dispatcher/router.py", line 141, in _wrapped
    return await self._propagate_event(
           ^^^^^^^^^^^^^^^^^^^^^^^^^^^^
  File "/workspaces/1234567890/.venv/lib/python3.12/site-packages/aiogram/dispatcher/router.py", line 174, in _propagate_event
    response = await router.propagate_event(update_type=update_type, event=event, **kwargs)
               ^^^^^^^^^^^^^^^^^^^^^^^^^^^^^^^^^^^^^^^^^^^^^^^^^^^^^^^^^^^^^^^^^^^^^^^^^^^^
  File "/workspaces/1234567890/.venv/lib/python3.12/site-packages/aiogram/dispatcher/router.py", line 146, in propagate_event
    return await observer.wrap_outer_middleware(_wrapped, event=event, data=kwargs)
           ^^^^^^^^^^^^^^^^^^^^^^^^^^^^^^^^^^^^^^^^^^^^^^^^^^^^^^^^^^^^^^^^^^^^^^^^
  File "/workspaces/1234567890/.venv/lib/python3.12/site-packages/aiogram/dispatcher/router.py", line 141, in _wrapped
    return await self._propagate_event(
           ^^^^^^^^^^^^^^^^^^^^^^^^^^^^
  File "/workspaces/1234567890/.venv/lib/python3.12/site-packages/aiogram/dispatcher/router.py", line 166, in _propagate_event
    response = await observer.trigger(event, **kwargs)
               ^^^^^^^^^^^^^^^^^^^^^^^^^^^^^^^^^^^^^^^
  File "/workspaces/1234567890/.venv/lib/python3.12/site-packages/aiogram/dispatcher/event/telegram.py", line 121, in trigger
    return await wrapped_inner(event, kwargs)
           ^^^^^^^^^^^^^^^^^^^^^^^^^^^^^^^^^^
  File "/workspaces/1234567890/.venv/lib/python3.12/site-packages/aiogram/dispatcher/event/handler.py", line 43, in call
    return await wrapped()
           ^^^^^^^^^^^^^^^
  File "/workspaces/1234567890/bot.py", line 442, in back_to_main
    await callback.message.edit_text("Главное меню:", reply_markup=main_menu(user.is_admin))
          ^^^^^^^^^^^^^^^^^^^^^^^^^^^^^^^^^^^^^^^^^^^^^^^^^^^^^^^^^^^^^^^^^^^^^^^^^^^^^^^^^^
  File "/workspaces/1234567890/.venv/lib/python3.12/site-packages/aiogram/types/message.py", line 3670, in edit_text
    return EditMessageText(
           ^^^^^^^^^^^^^^^^
  File "/workspaces/1234567890/.venv/lib/python3.12/site-packages/pydantic/main.py", line 212, in __init__
    validated_self = self.__pydantic_validator__.validate_python(data, self_instance=self)
                     ^^^^^^^^^^^^^^^^^^^^^^^^^^^^^^^^^^^^^^^^^^^^^^^^^^^^^^^^^^^^^^^^^^^^^
pydantic_core._pydantic_core.ValidationError: 1 validation error for EditMessageText
reply_markup
  Input should be a valid dictionary or instance of InlineKeyboardMarkup [type=model_type, input_value=ReplyKeyboardMarkup(keybo...er=None, selective=None), input_type=ReplyKeyboardMarkup]
    For further information visit https://errors.pydantic.dev/2.9/v/model_type
2026-01-31 09:34:18,723 - INFO - Update id=805948166 is not handled. Duration 1 ms by bot id=8484197003
2026-01-31 09:34:19,713 - INFO - Exporting all tasks, total count: 1
2026-01-31 09:34:20,617 - INFO - Admin 5305657930 initiated Excel upload
2026-01-31 09:34:20,618 - INFO - Update id=805948168 is handled. Duration 68 ms by bot id=8484197003
2026-01-31 09:34:21,169 - INFO - Tasks exported to Excel and sent to admin 5305657930
2026-01-31 09:34:21,169 - INFO - Update id=805948167 is handled. Duration 1537 ms by bot id=8484197003
2026-01-31 09:34:30,526 - INFO - Admin panel opened for user Валерий А.Ф
2026-01-31 09:34:30,528 - INFO - Update id=805948169 is handled. Duration 63 ms by bot id=8484197003
2026-01-31 09:34:34,439 - INFO - Update id=805948170 is not handled. Duration 1 ms by bot id=8484197003
2026-01-31 09:34:54,030 - WARNING - Received SIGINT signal
2026-01-31 09:34:54,030 - INFO - Polling stopped for bot @Buzzer_bot_bot id=8484197003 - 'BUZZER'
2026-01-31 09:34:54,031 - INFO - Polling stopped
2026-01-31 09:34:56,924 - INFO - Scheduler started
2026-01-31 09:34:56,924 - INFO - Bot started
2026-01-31 09:34:56,955 - INFO - Start polling
2026-01-31 09:34:56,994 - INFO - Run polling for bot @Buzzer_bot_bot id=8484197003 - 'BUZZER'
2026-01-31 09:35:01,140 - INFO - Update id=805948171 is not handled. Duration 1 ms by bot id=8484197003
2026-01-31 09:35:06,636 - WARNING - Received SIGINT signal
2026-01-31 09:35:06,637 - INFO - Polling stopped for bot @Buzzer_bot_bot id=8484197003 - 'BUZZER'
2026-01-31 09:35:06,637 - INFO - Polling stopped
2026-01-31 09:35:11,802 - INFO - Scheduler started
2026-01-31 09:35:11,802 - INFO - Bot started
2026-01-31 09:35:11,826 - INFO - Start polling
2026-01-31 09:35:11,846 - INFO - Run polling for bot @Buzzer_bot_bot id=8484197003 - 'BUZZER'
2026-01-31 09:35:11,870 - INFO - User 5305657930 (Seaborgium_element) started bot
2026-01-31 09:35:11,878 - INFO - User 5305657930 (Seaborgium_element) started bot
2026-01-31 09:35:11,955 - INFO - Welcome message sent to Валерий А.Ф
2026-01-31 09:35:11,955 - INFO - Update id=805948173 is handled. Duration 77 ms by bot id=8484197003
2026-01-31 09:35:11,967 - INFO - Welcome message sent to Валерий А.Ф
2026-01-31 09:35:11,967 - INFO - Update id=805948172 is handled. Duration 97 ms by bot id=8484197003
2026-01-31 09:36:22,560 - INFO - Admin panel opened for user Валерий А.Ф
2026-01-31 09:36:22,560 - INFO - Update id=805948174 is handled. Duration 44 ms by bot id=8484197003
2026-01-31 09:36:32,003 - INFO - Admin 5305657930 started adding task manually
2026-01-31 09:36:32,003 - INFO - Update id=805948175 is handled. Duration 31 ms by bot id=8484197003
2026-01-31 09:36:45,764 - INFO - Admin entered teacher name: Василий П.П.
2026-01-31 09:36:45,764 - INFO - Update id=805948176 is handled. Duration 47 ms by bot id=8484197003
2026-01-31 09:37:04,172 - INFO - Admin entered practice name: Научиться быть Евгением
2026-01-31 09:37:04,173 - INFO - Update id=805948177 is handled. Duration 96 ms by bot id=8484197003
2026-01-31 09:37:17,010 - WARNING - Invalid date format entered by admin: 22.78.5067
2026-01-31 09:37:17,010 - INFO - Update id=805948178 is handled. Duration 77 ms by bot id=8484197003
2026-01-31 09:37:26,705 - INFO - Admin entered end date: 6666-08-22
2026-01-31 09:37:26,705 - INFO - Update id=805948179 is handled. Duration 30 ms by bot id=8484197003
2026-01-31 09:38:17,332 - INFO - Task added: Научиться быть Евгением for Василий П.П.
2026-01-31 09:38:17,365 - INFO - Update id=805948180 is handled. Duration 43 ms by bot id=8484197003
2026-01-31 09:38:24,493 - INFO - Sent task list to user Василий П.П., count: 2
2026-01-31 09:38:24,494 - INFO - Update id=805948181 is handled. Duration 135 ms by bot id=8484197003
2026-01-31 09:38:26,570 - INFO - Task detail shown: 2, status: ещё не смотрел
2026-01-31 09:38:26,570 - INFO - Update id=805948182 is handled. Duration 130 ms by bot id=8484197003
2026-01-31 09:38:30,759 - INFO - Update id=805948183 is not handled. Duration 42 ms by bot id=8484197003
2026-01-31 09:38:30,760 - ERROR - Cause exception while process update id=805948183 by bot id=8484197003
TelegramBadRequest: Telegram server says - Bad Request: message is not modified: specified new message content and reply markup are exactly the same as a current content and reply markup of the message
Traceback (most recent call last):
  File "/workspaces/1234567890/.venv/lib/python3.12/site-packages/aiogram/dispatcher/dispatcher.py", line 309, in _process_update
    response = await self.feed_update(bot, update, **kwargs)
               ^^^^^^^^^^^^^^^^^^^^^^^^^^^^^^^^^^^^^^^^^^^^^
  File "/workspaces/1234567890/.venv/lib/python3.12/site-packages/aiogram/dispatcher/dispatcher.py", line 158, in feed_update
    response = await self.update.wrap_outer_middleware(
               ^^^^^^^^^^^^^^^^^^^^^^^^^^^^^^^^^^^^^^^^
  File "/workspaces/1234567890/.venv/lib/python3.12/site-packages/aiogram/dispatcher/middlewares/error.py", line 25, in __call__
    return await handler(event, data)
           ^^^^^^^^^^^^^^^^^^^^^^^^^^
  File "/workspaces/1234567890/.venv/lib/python3.12/site-packages/aiogram/dispatcher/middlewares/user_context.py", line 56, in __call__
    return await handler(event, data)
           ^^^^^^^^^^^^^^^^^^^^^^^^^^
  File "/workspaces/1234567890/.venv/lib/python3.12/site-packages/aiogram/fsm/middleware.py", line 42, in __call__
    return await handler(event, data)
           ^^^^^^^^^^^^^^^^^^^^^^^^^^
  File "/workspaces/1234567890/.venv/lib/python3.12/site-packages/aiogram/dispatcher/event/telegram.py", line 121, in trigger
    return await wrapped_inner(event, kwargs)
           ^^^^^^^^^^^^^^^^^^^^^^^^^^^^^^^^^^
  File "/workspaces/1234567890/.venv/lib/python3.12/site-packages/aiogram/dispatcher/event/handler.py", line 43, in call
    return await wrapped()
           ^^^^^^^^^^^^^^^
  File "/workspaces/1234567890/.venv/lib/python3.12/site-packages/aiogram/dispatcher/dispatcher.py", line 276, in _listen_update
    return await self.propagate_event(update_type=update_type, event=event, **kwargs)
           ^^^^^^^^^^^^^^^^^^^^^^^^^^^^^^^^^^^^^^^^^^^^^^^^^^^^^^^^^^^^^^^^^^^^^^^^^^
  File "/workspaces/1234567890/.venv/lib/python3.12/site-packages/aiogram/dispatcher/router.py", line 146, in propagate_event
    return await observer.wrap_outer_middleware(_wrapped, event=event, data=kwargs)
           ^^^^^^^^^^^^^^^^^^^^^^^^^^^^^^^^^^^^^^^^^^^^^^^^^^^^^^^^^^^^^^^^^^^^^^^^
  File "/workspaces/1234567890/.venv/lib/python3.12/site-packages/aiogram/dispatcher/router.py", line 141, in _wrapped
    return await self._propagate_event(
           ^^^^^^^^^^^^^^^^^^^^^^^^^^^^
  File "/workspaces/1234567890/.venv/lib/python3.12/site-packages/aiogram/dispatcher/router.py", line 174, in _propagate_event
    response = await router.propagate_event(update_type=update_type, event=event, **kwargs)
               ^^^^^^^^^^^^^^^^^^^^^^^^^^^^^^^^^^^^^^^^^^^^^^^^^^^^^^^^^^^^^^^^^^^^^^^^^^^^
  File "/workspaces/1234567890/.venv/lib/python3.12/site-packages/aiogram/dispatcher/router.py", line 146, in propagate_event
    return await observer.wrap_outer_middleware(_wrapped, event=event, data=kwargs)
           ^^^^^^^^^^^^^^^^^^^^^^^^^^^^^^^^^^^^^^^^^^^^^^^^^^^^^^^^^^^^^^^^^^^^^^^^
  File "/workspaces/1234567890/.venv/lib/python3.12/site-packages/aiogram/dispatcher/router.py", line 141, in _wrapped
    return await self._propagate_event(
           ^^^^^^^^^^^^^^^^^^^^^^^^^^^^
  File "/workspaces/1234567890/.venv/lib/python3.12/site-packages/aiogram/dispatcher/router.py", line 166, in _propagate_event
    response = await observer.trigger(event, **kwargs)
               ^^^^^^^^^^^^^^^^^^^^^^^^^^^^^^^^^^^^^^^
  File "/workspaces/1234567890/.venv/lib/python3.12/site-packages/aiogram/dispatcher/event/telegram.py", line 121, in trigger
    return await wrapped_inner(event, kwargs)
           ^^^^^^^^^^^^^^^^^^^^^^^^^^^^^^^^^^
  File "/workspaces/1234567890/.venv/lib/python3.12/site-packages/aiogram/dispatcher/event/handler.py", line 43, in call
    return await wrapped()
           ^^^^^^^^^^^^^^^
  File "/workspaces/1234567890/bot.py", line 372, in update_status
    await callback.message.edit_reply_markup(reply_markup=task_actions(task.id))
  File "/workspaces/1234567890/.venv/lib/python3.12/site-packages/aiogram/methods/base.py", line 84, in emit
    return await bot(self)
           ^^^^^^^^^^^^^^^
  File "/workspaces/1234567890/.venv/lib/python3.12/site-packages/aiogram/client/bot.py", line 487, in __call__
    return await self.session(self, method, timeout=request_timeout)
           ^^^^^^^^^^^^^^^^^^^^^^^^^^^^^^^^^^^^^^^^^^^^^^^^^^^^^^^^^
  File "/workspaces/1234567890/.venv/lib/python3.12/site-packages/aiogram/client/session/base.py", line 254, in __call__
    return cast(TelegramType, await middleware(bot, method))
                              ^^^^^^^^^^^^^^^^^^^^^^^^^^^^^
  File "/workspaces/1234567890/.venv/lib/python3.12/site-packages/aiogram/client/session/aiohttp.py", line 189, in make_request
    response = self.check_response(
               ^^^^^^^^^^^^^^^^^^^^
  File "/workspaces/1234567890/.venv/lib/python3.12/site-packages/aiogram/client/session/base.py", line 120, in check_response
    raise TelegramBadRequest(method=method, message=description)
aiogram.exceptions.TelegramBadRequest: Telegram server says - Bad Request: message is not modified: specified new message content and reply markup are exactly the same as a current content and reply markup of the message
2026-01-31 09:38:34,407 - INFO - Sent task list to user Василий П.П., count: 2
2026-01-31 09:38:34,407 - INFO - Update id=805948184 is handled. Duration 45 ms by bot id=8484197003
2026-01-31 09:38:36,764 - INFO - Task detail shown: 1, status: готово
2026-01-31 09:38:36,765 - INFO - Update id=805948185 is handled. Duration 23 ms by bot id=8484197003
2026-01-31 09:38:38,171 - INFO - Update id=805948186 is not handled. Duration 77 ms by bot id=8484197003
2026-01-31 09:38:38,171 - ERROR - Cause exception while process update id=805948186 by bot id=8484197003
TelegramBadRequest: Telegram server says - Bad Request: message is not modified: specified new message content and reply markup are exactly the same as a current content and reply markup of the message
Traceback (most recent call last):
  File "/workspaces/1234567890/.venv/lib/python3.12/site-packages/aiogram/dispatcher/dispatcher.py", line 309, in _process_update
    response = await self.feed_update(bot, update, **kwargs)
               ^^^^^^^^^^^^^^^^^^^^^^^^^^^^^^^^^^^^^^^^^^^^^
  File "/workspaces/1234567890/.venv/lib/python3.12/site-packages/aiogram/dispatcher/dispatcher.py", line 158, in feed_update
    response = await self.update.wrap_outer_middleware(
               ^^^^^^^^^^^^^^^^^^^^^^^^^^^^^^^^^^^^^^^^
  File "/workspaces/1234567890/.venv/lib/python3.12/site-packages/aiogram/dispatcher/middlewares/error.py", line 25, in __call__
    return await handler(event, data)
           ^^^^^^^^^^^^^^^^^^^^^^^^^^
  File "/workspaces/1234567890/.venv/lib/python3.12/site-packages/aiogram/dispatcher/middlewares/user_context.py", line 56, in __call__
    return await handler(event, data)
           ^^^^^^^^^^^^^^^^^^^^^^^^^^
  File "/workspaces/1234567890/.venv/lib/python3.12/site-packages/aiogram/fsm/middleware.py", line 42, in __call__
    return await handler(event, data)
           ^^^^^^^^^^^^^^^^^^^^^^^^^^
  File "/workspaces/1234567890/.venv/lib/python3.12/site-packages/aiogram/dispatcher/event/telegram.py", line 121, in trigger
    return await wrapped_inner(event, kwargs)
           ^^^^^^^^^^^^^^^^^^^^^^^^^^^^^^^^^^
  File "/workspaces/1234567890/.venv/lib/python3.12/site-packages/aiogram/dispatcher/event/handler.py", line 43, in call
    return await wrapped()
           ^^^^^^^^^^^^^^^
  File "/workspaces/1234567890/.venv/lib/python3.12/site-packages/aiogram/dispatcher/dispatcher.py", line 276, in _listen_update
    return await self.propagate_event(update_type=update_type, event=event, **kwargs)
           ^^^^^^^^^^^^^^^^^^^^^^^^^^^^^^^^^^^^^^^^^^^^^^^^^^^^^^^^^^^^^^^^^^^^^^^^^^
  File "/workspaces/1234567890/.venv/lib/python3.12/site-packages/aiogram/dispatcher/router.py", line 146, in propagate_event
    return await observer.wrap_outer_middleware(_wrapped, event=event, data=kwargs)
           ^^^^^^^^^^^^^^^^^^^^^^^^^^^^^^^^^^^^^^^^^^^^^^^^^^^^^^^^^^^^^^^^^^^^^^^^
  File "/workspaces/1234567890/.venv/lib/python3.12/site-packages/aiogram/dispatcher/router.py", line 141, in _wrapped
    return await self._propagate_event(
           ^^^^^^^^^^^^^^^^^^^^^^^^^^^^
  File "/workspaces/1234567890/.venv/lib/python3.12/site-packages/aiogram/dispatcher/router.py", line 174, in _propagate_event
    response = await router.propagate_event(update_type=update_type, event=event, **kwargs)
               ^^^^^^^^^^^^^^^^^^^^^^^^^^^^^^^^^^^^^^^^^^^^^^^^^^^^^^^^^^^^^^^^^^^^^^^^^^^^
  File "/workspaces/1234567890/.venv/lib/python3.12/site-packages/aiogram/dispatcher/router.py", line 146, in propagate_event
    return await observer.wrap_outer_middleware(_wrapped, event=event, data=kwargs)
           ^^^^^^^^^^^^^^^^^^^^^^^^^^^^^^^^^^^^^^^^^^^^^^^^^^^^^^^^^^^^^^^^^^^^^^^^
  File "/workspaces/1234567890/.venv/lib/python3.12/site-packages/aiogram/dispatcher/router.py", line 141, in _wrapped
    return await self._propagate_event(
           ^^^^^^^^^^^^^^^^^^^^^^^^^^^^
  File "/workspaces/1234567890/.venv/lib/python3.12/site-packages/aiogram/dispatcher/router.py", line 166, in _propagate_event
    response = await observer.trigger(event, **kwargs)
               ^^^^^^^^^^^^^^^^^^^^^^^^^^^^^^^^^^^^^^^
  File "/workspaces/1234567890/.venv/lib/python3.12/site-packages/aiogram/dispatcher/event/telegram.py", line 121, in trigger
    return await wrapped_inner(event, kwargs)
           ^^^^^^^^^^^^^^^^^^^^^^^^^^^^^^^^^^
  File "/workspaces/1234567890/.venv/lib/python3.12/site-packages/aiogram/dispatcher/event/handler.py", line 43, in call
    return await wrapped()
           ^^^^^^^^^^^^^^^
  File "/workspaces/1234567890/bot.py", line 372, in update_status
    await callback.message.edit_reply_markup(reply_markup=task_actions(task.id))
  File "/workspaces/1234567890/.venv/lib/python3.12/site-packages/aiogram/methods/base.py", line 84, in emit
    return await bot(self)
           ^^^^^^^^^^^^^^^
  File "/workspaces/1234567890/.venv/lib/python3.12/site-packages/aiogram/client/bot.py", line 487, in __call__
    return await self.session(self, method, timeout=request_timeout)
           ^^^^^^^^^^^^^^^^^^^^^^^^^^^^^^^^^^^^^^^^^^^^^^^^^^^^^^^^^
  File "/workspaces/1234567890/.venv/lib/python3.12/site-packages/aiogram/client/session/base.py", line 254, in __call__
    return cast(TelegramType, await middleware(bot, method))
                              ^^^^^^^^^^^^^^^^^^^^^^^^^^^^^
  File "/workspaces/1234567890/.venv/lib/python3.12/site-packages/aiogram/client/session/aiohttp.py", line 189, in make_request
    response = self.check_response(
               ^^^^^^^^^^^^^^^^^^^^
  File "/workspaces/1234567890/.venv/lib/python3.12/site-packages/aiogram/client/session/base.py", line 120, in check_response
    raise TelegramBadRequest(method=method, message=description)
aiogram.exceptions.TelegramBadRequest: Telegram server says - Bad Request: message is not modified: specified new message content and reply markup are exactly the same as a current content and reply markup of the message
2026-01-31 09:39:02,352 - INFO - Admin panel opened for user Валерий А.Ф
2026-01-31 09:39:02,352 - INFO - Update id=805948187 is handled. Duration 34 ms by bot id=8484197003
2026-01-31 09:39:04,515 - INFO - Admin 5305657930 started adding task manually
2026-01-31 09:39:04,515 - INFO - Update id=805948188 is handled. Duration 54 ms by bot id=8484197003
2026-01-31 09:39:27,194 - INFO - Admin entered teacher name: Василий П.П.
2026-01-31 09:39:27,194 - INFO - Update id=805948189 is handled. Duration 33 ms by bot id=8484197003
2026-01-31 09:39:39,195 - INFO - Admin entered practice name: ©©©©©©©©
2026-01-31 09:39:39,196 - INFO - Update id=805948190 is handled. Duration 43 ms by bot id=8484197003
2026-01-31 09:39:52,779 - INFO - Admin entered end date: 5678-09-22
2026-01-31 09:39:52,779 - INFO - Update id=805948191 is handled. Duration 46 ms by bot id=8484197003
2026-01-31 09:40:08,161 - INFO - Task added: ©©©©©©©© for Василий П.П.
2026-01-31 09:40:08,196 - INFO - Update id=805948192 is handled. Duration 44 ms by bot id=8484197003
2026-01-31 09:40:12,500 - INFO - Sent task list to user Василий П.П., count: 3
2026-01-31 09:40:12,500 - INFO - Update id=805948193 is handled. Duration 33 ms by bot id=8484197003
2026-01-31 09:40:14,608 - INFO - Task detail shown: 3, status: ещё не смотрел
2026-01-31 09:40:14,608 - INFO - Update id=805948194 is handled. Duration 67 ms by bot id=8484197003
2026-01-31 09:40:16,783 - INFO - Added job "send_reminder" to job store "default"
2026-01-31 09:40:16,804 - INFO - Manual reminder scheduled for task 3 at 2026-02-01 09:40:16.778923
2026-01-31 09:40:16,804 - INFO - Update id=805948195 is handled. Duration 26 ms by bot id=8484197003
2026-01-31 09:40:17,849 - INFO - Update id=805948196 is not handled. Duration 32 ms by bot id=8484197003
2026-01-31 09:40:17,849 - ERROR - Cause exception while process update id=805948196 by bot id=8484197003
TelegramBadRequest: Telegram server says - Bad Request: message is not modified: specified new message content and reply markup are exactly the same as a current content and reply markup of the message
Traceback (most recent call last):
  File "/workspaces/1234567890/.venv/lib/python3.12/site-packages/aiogram/dispatcher/dispatcher.py", line 309, in _process_update
    response = await self.feed_update(bot, update, **kwargs)
               ^^^^^^^^^^^^^^^^^^^^^^^^^^^^^^^^^^^^^^^^^^^^^
  File "/workspaces/1234567890/.venv/lib/python3.12/site-packages/aiogram/dispatcher/dispatcher.py", line 158, in feed_update
    response = await self.update.wrap_outer_middleware(
               ^^^^^^^^^^^^^^^^^^^^^^^^^^^^^^^^^^^^^^^^
  File "/workspaces/1234567890/.venv/lib/python3.12/site-packages/aiogram/dispatcher/middlewares/error.py", line 25, in __call__
    return await handler(event, data)
           ^^^^^^^^^^^^^^^^^^^^^^^^^^
  File "/workspaces/1234567890/.venv/lib/python3.12/site-packages/aiogram/dispatcher/middlewares/user_context.py", line 56, in __call__
    return await handler(event, data)
           ^^^^^^^^^^^^^^^^^^^^^^^^^^
  File "/workspaces/1234567890/.venv/lib/python3.12/site-packages/aiogram/fsm/middleware.py", line 42, in __call__
    return await handler(event, data)
           ^^^^^^^^^^^^^^^^^^^^^^^^^^
  File "/workspaces/1234567890/.venv/lib/python3.12/site-packages/aiogram/dispatcher/event/telegram.py", line 121, in trigger
    return await wrapped_inner(event, kwargs)
           ^^^^^^^^^^^^^^^^^^^^^^^^^^^^^^^^^^
  File "/workspaces/1234567890/.venv/lib/python3.12/site-packages/aiogram/dispatcher/event/handler.py", line 43, in call
    return await wrapped()
           ^^^^^^^^^^^^^^^
  File "/workspaces/1234567890/.venv/lib/python3.12/site-packages/aiogram/dispatcher/dispatcher.py", line 276, in _listen_update
    return await self.propagate_event(update_type=update_type, event=event, **kwargs)
           ^^^^^^^^^^^^^^^^^^^^^^^^^^^^^^^^^^^^^^^^^^^^^^^^^^^^^^^^^^^^^^^^^^^^^^^^^^
  File "/workspaces/1234567890/.venv/lib/python3.12/site-packages/aiogram/dispatcher/router.py", line 146, in propagate_event
    return await observer.wrap_outer_middleware(_wrapped, event=event, data=kwargs)
           ^^^^^^^^^^^^^^^^^^^^^^^^^^^^^^^^^^^^^^^^^^^^^^^^^^^^^^^^^^^^^^^^^^^^^^^^
  File "/workspaces/1234567890/.venv/lib/python3.12/site-packages/aiogram/dispatcher/router.py", line 141, in _wrapped
    return await self._propagate_event(
           ^^^^^^^^^^^^^^^^^^^^^^^^^^^^
  File "/workspaces/1234567890/.venv/lib/python3.12/site-packages/aiogram/dispatcher/router.py", line 174, in _propagate_event
    response = await router.propagate_event(update_type=update_type, event=event, **kwargs)
               ^^^^^^^^^^^^^^^^^^^^^^^^^^^^^^^^^^^^^^^^^^^^^^^^^^^^^^^^^^^^^^^^^^^^^^^^^^^^
  File "/workspaces/1234567890/.venv/lib/python3.12/site-packages/aiogram/dispatcher/router.py", line 146, in propagate_event
    return await observer.wrap_outer_middleware(_wrapped, event=event, data=kwargs)
           ^^^^^^^^^^^^^^^^^^^^^^^^^^^^^^^^^^^^^^^^^^^^^^^^^^^^^^^^^^^^^^^^^^^^^^^^
  File "/workspaces/1234567890/.venv/lib/python3.12/site-packages/aiogram/dispatcher/router.py", line 141, in _wrapped
    return await self._propagate_event(
           ^^^^^^^^^^^^^^^^^^^^^^^^^^^^
  File "/workspaces/1234567890/.venv/lib/python3.12/site-packages/aiogram/dispatcher/router.py", line 166, in _propagate_event
    response = await observer.trigger(event, **kwargs)
               ^^^^^^^^^^^^^^^^^^^^^^^^^^^^^^^^^^^^^^^
  File "/workspaces/1234567890/.venv/lib/python3.12/site-packages/aiogram/dispatcher/event/telegram.py", line 121, in trigger
    return await wrapped_inner(event, kwargs)
           ^^^^^^^^^^^^^^^^^^^^^^^^^^^^^^^^^^
  File "/workspaces/1234567890/.venv/lib/python3.12/site-packages/aiogram/dispatcher/event/handler.py", line 43, in call
    return await wrapped()
           ^^^^^^^^^^^^^^^
  File "/workspaces/1234567890/bot.py", line 372, in update_status
    await callback.message.edit_reply_markup(reply_markup=task_actions(task.id))
  File "/workspaces/1234567890/.venv/lib/python3.12/site-packages/aiogram/methods/base.py", line 84, in emit
    return await bot(self)
           ^^^^^^^^^^^^^^^
  File "/workspaces/1234567890/.venv/lib/python3.12/site-packages/aiogram/client/bot.py", line 487, in __call__
    return await self.session(self, method, timeout=request_timeout)
           ^^^^^^^^^^^^^^^^^^^^^^^^^^^^^^^^^^^^^^^^^^^^^^^^^^^^^^^^^
  File "/workspaces/1234567890/.venv/lib/python3.12/site-packages/aiogram/client/session/base.py", line 254, in __call__
    return cast(TelegramType, await middleware(bot, method))
                              ^^^^^^^^^^^^^^^^^^^^^^^^^^^^^
  File "/workspaces/1234567890/.venv/lib/python3.12/site-packages/aiogram/client/session/aiohttp.py", line 189, in make_request
    response = self.check_response(
               ^^^^^^^^^^^^^^^^^^^^
  File "/workspaces/1234567890/.venv/lib/python3.12/site-packages/aiogram/client/session/base.py", line 120, in check_response
    raise TelegramBadRequest(method=method, message=description)
aiogram.exceptions.TelegramBadRequest: Telegram server says - Bad Request: message is not modified: specified new message content and reply markup are exactly the same as a current content and reply markup of the message
2026-01-31 09:40:18,742 - INFO - Update id=805948197 is not handled. Duration 113 ms by bot id=8484197003
2026-01-31 09:40:18,742 - ERROR - Cause exception while process update id=805948197 by bot id=8484197003
TelegramBadRequest: Telegram server says - Bad Request: message is not modified: specified new message content and reply markup are exactly the same as a current content and reply markup of the message
Traceback (most recent call last):
  File "/workspaces/1234567890/.venv/lib/python3.12/site-packages/aiogram/dispatcher/dispatcher.py", line 309, in _process_update
    response = await self.feed_update(bot, update, **kwargs)
               ^^^^^^^^^^^^^^^^^^^^^^^^^^^^^^^^^^^^^^^^^^^^^
  File "/workspaces/1234567890/.venv/lib/python3.12/site-packages/aiogram/dispatcher/dispatcher.py", line 158, in feed_update
    response = await self.update.wrap_outer_middleware(
               ^^^^^^^^^^^^^^^^^^^^^^^^^^^^^^^^^^^^^^^^
  File "/workspaces/1234567890/.venv/lib/python3.12/site-packages/aiogram/dispatcher/middlewares/error.py", line 25, in __call__
    return await handler(event, data)
           ^^^^^^^^^^^^^^^^^^^^^^^^^^
  File "/workspaces/1234567890/.venv/lib/python3.12/site-packages/aiogram/dispatcher/middlewares/user_context.py", line 56, in __call__
    return await handler(event, data)
           ^^^^^^^^^^^^^^^^^^^^^^^^^^
  File "/workspaces/1234567890/.venv/lib/python3.12/site-packages/aiogram/fsm/middleware.py", line 42, in __call__
    return await handler(event, data)
           ^^^^^^^^^^^^^^^^^^^^^^^^^^
  File "/workspaces/1234567890/.venv/lib/python3.12/site-packages/aiogram/dispatcher/event/telegram.py", line 121, in trigger
    return await wrapped_inner(event, kwargs)
           ^^^^^^^^^^^^^^^^^^^^^^^^^^^^^^^^^^
  File "/workspaces/1234567890/.venv/lib/python3.12/site-packages/aiogram/dispatcher/event/handler.py", line 43, in call
    return await wrapped()
           ^^^^^^^^^^^^^^^
  File "/workspaces/1234567890/.venv/lib/python3.12/site-packages/aiogram/dispatcher/dispatcher.py", line 276, in _listen_update
    return await self.propagate_event(update_type=update_type, event=event, **kwargs)
           ^^^^^^^^^^^^^^^^^^^^^^^^^^^^^^^^^^^^^^^^^^^^^^^^^^^^^^^^^^^^^^^^^^^^^^^^^^
  File "/workspaces/1234567890/.venv/lib/python3.12/site-packages/aiogram/dispatcher/router.py", line 146, in propagate_event
    return await observer.wrap_outer_middleware(_wrapped, event=event, data=kwargs)
           ^^^^^^^^^^^^^^^^^^^^^^^^^^^^^^^^^^^^^^^^^^^^^^^^^^^^^^^^^^^^^^^^^^^^^^^^
  File "/workspaces/1234567890/.venv/lib/python3.12/site-packages/aiogram/dispatcher/router.py", line 141, in _wrapped
    return await self._propagate_event(
           ^^^^^^^^^^^^^^^^^^^^^^^^^^^^
  File "/workspaces/1234567890/.venv/lib/python3.12/site-packages/aiogram/dispatcher/router.py", line 174, in _propagate_event
    response = await router.propagate_event(update_type=update_type, event=event, **kwargs)
               ^^^^^^^^^^^^^^^^^^^^^^^^^^^^^^^^^^^^^^^^^^^^^^^^^^^^^^^^^^^^^^^^^^^^^^^^^^^^
  File "/workspaces/1234567890/.venv/lib/python3.12/site-packages/aiogram/dispatcher/router.py", line 146, in propagate_event
    return await observer.wrap_outer_middleware(_wrapped, event=event, data=kwargs)
           ^^^^^^^^^^^^^^^^^^^^^^^^^^^^^^^^^^^^^^^^^^^^^^^^^^^^^^^^^^^^^^^^^^^^^^^^
  File "/workspaces/1234567890/.venv/lib/python3.12/site-packages/aiogram/dispatcher/router.py", line 141, in _wrapped
    return await self._propagate_event(
           ^^^^^^^^^^^^^^^^^^^^^^^^^^^^
  File "/workspaces/1234567890/.venv/lib/python3.12/site-packages/aiogram/dispatcher/router.py", line 166, in _propagate_event
    response = await observer.trigger(event, **kwargs)
               ^^^^^^^^^^^^^^^^^^^^^^^^^^^^^^^^^^^^^^^
  File "/workspaces/1234567890/.venv/lib/python3.12/site-packages/aiogram/dispatcher/event/telegram.py", line 121, in trigger
    return await wrapped_inner(event, kwargs)
           ^^^^^^^^^^^^^^^^^^^^^^^^^^^^^^^^^^
  File "/workspaces/1234567890/.venv/lib/python3.12/site-packages/aiogram/dispatcher/event/handler.py", line 43, in call
    return await wrapped()
           ^^^^^^^^^^^^^^^
  File "/workspaces/1234567890/bot.py", line 372, in update_status
    await callback.message.edit_reply_markup(reply_markup=task_actions(task.id))
  File "/workspaces/1234567890/.venv/lib/python3.12/site-packages/aiogram/methods/base.py", line 84, in emit
    return await bot(self)
           ^^^^^^^^^^^^^^^
  File "/workspaces/1234567890/.venv/lib/python3.12/site-packages/aiogram/client/bot.py", line 487, in __call__
    return await self.session(self, method, timeout=request_timeout)
           ^^^^^^^^^^^^^^^^^^^^^^^^^^^^^^^^^^^^^^^^^^^^^^^^^^^^^^^^^
  File "/workspaces/1234567890/.venv/lib/python3.12/site-packages/aiogram/client/session/base.py", line 254, in __call__
    return cast(TelegramType, await middleware(bot, method))
                              ^^^^^^^^^^^^^^^^^^^^^^^^^^^^^
  File "/workspaces/1234567890/.venv/lib/python3.12/site-packages/aiogram/client/session/aiohttp.py", line 189, in make_request
    response = self.check_response(
               ^^^^^^^^^^^^^^^^^^^^
  File "/workspaces/1234567890/.venv/lib/python3.12/site-packages/aiogram/client/session/base.py", line 120, in check_response
    raise TelegramBadRequest(method=method, message=description)
aiogram.exceptions.TelegramBadRequest: Telegram server says - Bad Request: message is not modified: specified new message content and reply markup are exactly the same as a current content and reply markup of the message
2026-01-31 09:40:19,179 - INFO - Update id=805948198 is not handled. Duration 108 ms by bot id=8484197003
2026-01-31 09:40:19,179 - ERROR - Cause exception while process update id=805948198 by bot id=8484197003
TelegramBadRequest: Telegram server says - Bad Request: message is not modified: specified new message content and reply markup are exactly the same as a current content and reply markup of the message
Traceback (most recent call last):
  File "/workspaces/1234567890/.venv/lib/python3.12/site-packages/aiogram/dispatcher/dispatcher.py", line 309, in _process_update
    response = await self.feed_update(bot, update, **kwargs)
               ^^^^^^^^^^^^^^^^^^^^^^^^^^^^^^^^^^^^^^^^^^^^^
  File "/workspaces/1234567890/.venv/lib/python3.12/site-packages/aiogram/dispatcher/dispatcher.py", line 158, in feed_update
    response = await self.update.wrap_outer_middleware(
               ^^^^^^^^^^^^^^^^^^^^^^^^^^^^^^^^^^^^^^^^
  File "/workspaces/1234567890/.venv/lib/python3.12/site-packages/aiogram/dispatcher/middlewares/error.py", line 25, in __call__
    return await handler(event, data)
           ^^^^^^^^^^^^^^^^^^^^^^^^^^
  File "/workspaces/1234567890/.venv/lib/python3.12/site-packages/aiogram/dispatcher/middlewares/user_context.py", line 56, in __call__
    return await handler(event, data)
           ^^^^^^^^^^^^^^^^^^^^^^^^^^
  File "/workspaces/1234567890/.venv/lib/python3.12/site-packages/aiogram/fsm/middleware.py", line 42, in __call__
    return await handler(event, data)
           ^^^^^^^^^^^^^^^^^^^^^^^^^^
  File "/workspaces/1234567890/.venv/lib/python3.12/site-packages/aiogram/dispatcher/event/telegram.py", line 121, in trigger
    return await wrapped_inner(event, kwargs)
           ^^^^^^^^^^^^^^^^^^^^^^^^^^^^^^^^^^
  File "/workspaces/1234567890/.venv/lib/python3.12/site-packages/aiogram/dispatcher/event/handler.py", line 43, in call
    return await wrapped()
           ^^^^^^^^^^^^^^^
  File "/workspaces/1234567890/.venv/lib/python3.12/site-packages/aiogram/dispatcher/dispatcher.py", line 276, in _listen_update
    return await self.propagate_event(update_type=update_type, event=event, **kwargs)
           ^^^^^^^^^^^^^^^^^^^^^^^^^^^^^^^^^^^^^^^^^^^^^^^^^^^^^^^^^^^^^^^^^^^^^^^^^^
  File "/workspaces/1234567890/.venv/lib/python3.12/site-packages/aiogram/dispatcher/router.py", line 146, in propagate_event
    return await observer.wrap_outer_middleware(_wrapped, event=event, data=kwargs)
           ^^^^^^^^^^^^^^^^^^^^^^^^^^^^^^^^^^^^^^^^^^^^^^^^^^^^^^^^^^^^^^^^^^^^^^^^
  File "/workspaces/1234567890/.venv/lib/python3.12/site-packages/aiogram/dispatcher/router.py", line 141, in _wrapped
    return await self._propagate_event(
           ^^^^^^^^^^^^^^^^^^^^^^^^^^^^
  File "/workspaces/1234567890/.venv/lib/python3.12/site-packages/aiogram/dispatcher/router.py", line 174, in _propagate_event
    response = await router.propagate_event(update_type=update_type, event=event, **kwargs)
               ^^^^^^^^^^^^^^^^^^^^^^^^^^^^^^^^^^^^^^^^^^^^^^^^^^^^^^^^^^^^^^^^^^^^^^^^^^^^
  File "/workspaces/1234567890/.venv/lib/python3.12/site-packages/aiogram/dispatcher/router.py", line 146, in propagate_event
    return await observer.wrap_outer_middleware(_wrapped, event=event, data=kwargs)
           ^^^^^^^^^^^^^^^^^^^^^^^^^^^^^^^^^^^^^^^^^^^^^^^^^^^^^^^^^^^^^^^^^^^^^^^^
  File "/workspaces/1234567890/.venv/lib/python3.12/site-packages/aiogram/dispatcher/router.py", line 141, in _wrapped
    return await self._propagate_event(
           ^^^^^^^^^^^^^^^^^^^^^^^^^^^^
  File "/workspaces/1234567890/.venv/lib/python3.12/site-packages/aiogram/dispatcher/router.py", line 166, in _propagate_event
    response = await observer.trigger(event, **kwargs)
               ^^^^^^^^^^^^^^^^^^^^^^^^^^^^^^^^^^^^^^^
  File "/workspaces/1234567890/.venv/lib/python3.12/site-packages/aiogram/dispatcher/event/telegram.py", line 121, in trigger
    return await wrapped_inner(event, kwargs)
           ^^^^^^^^^^^^^^^^^^^^^^^^^^^^^^^^^^
  File "/workspaces/1234567890/.venv/lib/python3.12/site-packages/aiogram/dispatcher/event/handler.py", line 43, in call
    return await wrapped()
           ^^^^^^^^^^^^^^^
  File "/workspaces/1234567890/bot.py", line 372, in update_status
    await callback.message.edit_reply_markup(reply_markup=task_actions(task.id))
  File "/workspaces/1234567890/.venv/lib/python3.12/site-packages/aiogram/methods/base.py", line 84, in emit
    return await bot(self)
           ^^^^^^^^^^^^^^^
  File "/workspaces/1234567890/.venv/lib/python3.12/site-packages/aiogram/client/bot.py", line 487, in __call__
    return await self.session(self, method, timeout=request_timeout)
           ^^^^^^^^^^^^^^^^^^^^^^^^^^^^^^^^^^^^^^^^^^^^^^^^^^^^^^^^^
  File "/workspaces/1234567890/.venv/lib/python3.12/site-packages/aiogram/client/session/base.py", line 254, in __call__
    return cast(TelegramType, await middleware(bot, method))
                              ^^^^^^^^^^^^^^^^^^^^^^^^^^^^^
  File "/workspaces/1234567890/.venv/lib/python3.12/site-packages/aiogram/client/session/aiohttp.py", line 189, in make_request
    response = self.check_response(
               ^^^^^^^^^^^^^^^^^^^^
  File "/workspaces/1234567890/.venv/lib/python3.12/site-packages/aiogram/client/session/base.py", line 120, in check_response
    raise TelegramBadRequest(method=method, message=description)
aiogram.exceptions.TelegramBadRequest: Telegram server says - Bad Request: message is not modified: specified new message content and reply markup are exactly the same as a current content and reply markup of the message
2026-01-31 09:40:19,986 - INFO - Update id=805948199 is not handled. Duration 55 ms by bot id=8484197003
2026-01-31 09:40:19,986 - ERROR - Cause exception while process update id=805948199 by bot id=8484197003
TelegramBadRequest: Telegram server says - Bad Request: message is not modified: specified new message content and reply markup are exactly the same as a current content and reply markup of the message
Traceback (most recent call last):
  File "/workspaces/1234567890/.venv/lib/python3.12/site-packages/aiogram/dispatcher/dispatcher.py", line 309, in _process_update
    response = await self.feed_update(bot, update, **kwargs)
               ^^^^^^^^^^^^^^^^^^^^^^^^^^^^^^^^^^^^^^^^^^^^^
  File "/workspaces/1234567890/.venv/lib/python3.12/site-packages/aiogram/dispatcher/dispatcher.py", line 158, in feed_update
    response = await self.update.wrap_outer_middleware(
               ^^^^^^^^^^^^^^^^^^^^^^^^^^^^^^^^^^^^^^^^
  File "/workspaces/1234567890/.venv/lib/python3.12/site-packages/aiogram/dispatcher/middlewares/error.py", line 25, in __call__
    return await handler(event, data)
           ^^^^^^^^^^^^^^^^^^^^^^^^^^
  File "/workspaces/1234567890/.venv/lib/python3.12/site-packages/aiogram/dispatcher/middlewares/user_context.py", line 56, in __call__
    return await handler(event, data)
           ^^^^^^^^^^^^^^^^^^^^^^^^^^
  File "/workspaces/1234567890/.venv/lib/python3.12/site-packages/aiogram/fsm/middleware.py", line 42, in __call__
    return await handler(event, data)
           ^^^^^^^^^^^^^^^^^^^^^^^^^^
  File "/workspaces/1234567890/.venv/lib/python3.12/site-packages/aiogram/dispatcher/event/telegram.py", line 121, in trigger
    return await wrapped_inner(event, kwargs)
           ^^^^^^^^^^^^^^^^^^^^^^^^^^^^^^^^^^
  File "/workspaces/1234567890/.venv/lib/python3.12/site-packages/aiogram/dispatcher/event/handler.py", line 43, in call
    return await wrapped()
           ^^^^^^^^^^^^^^^
  File "/workspaces/1234567890/.venv/lib/python3.12/site-packages/aiogram/dispatcher/dispatcher.py", line 276, in _listen_update
    return await self.propagate_event(update_type=update_type, event=event, **kwargs)
           ^^^^^^^^^^^^^^^^^^^^^^^^^^^^^^^^^^^^^^^^^^^^^^^^^^^^^^^^^^^^^^^^^^^^^^^^^^
  File "/workspaces/1234567890/.venv/lib/python3.12/site-packages/aiogram/dispatcher/router.py", line 146, in propagate_event
    return await observer.wrap_outer_middleware(_wrapped, event=event, data=kwargs)
           ^^^^^^^^^^^^^^^^^^^^^^^^^^^^^^^^^^^^^^^^^^^^^^^^^^^^^^^^^^^^^^^^^^^^^^^^
  File "/workspaces/1234567890/.venv/lib/python3.12/site-packages/aiogram/dispatcher/router.py", line 141, in _wrapped
    return await self._propagate_event(
           ^^^^^^^^^^^^^^^^^^^^^^^^^^^^
  File "/workspaces/1234567890/.venv/lib/python3.12/site-packages/aiogram/dispatcher/router.py", line 174, in _propagate_event
    response = await router.propagate_event(update_type=update_type, event=event, **kwargs)
               ^^^^^^^^^^^^^^^^^^^^^^^^^^^^^^^^^^^^^^^^^^^^^^^^^^^^^^^^^^^^^^^^^^^^^^^^^^^^
  File "/workspaces/1234567890/.venv/lib/python3.12/site-packages/aiogram/dispatcher/router.py", line 146, in propagate_event
    return await observer.wrap_outer_middleware(_wrapped, event=event, data=kwargs)
           ^^^^^^^^^^^^^^^^^^^^^^^^^^^^^^^^^^^^^^^^^^^^^^^^^^^^^^^^^^^^^^^^^^^^^^^^
  File "/workspaces/1234567890/.venv/lib/python3.12/site-packages/aiogram/dispatcher/router.py", line 141, in _wrapped
    return await self._propagate_event(
           ^^^^^^^^^^^^^^^^^^^^^^^^^^^^
  File "/workspaces/1234567890/.venv/lib/python3.12/site-packages/aiogram/dispatcher/router.py", line 166, in _propagate_event
    response = await observer.trigger(event, **kwargs)
               ^^^^^^^^^^^^^^^^^^^^^^^^^^^^^^^^^^^^^^^
  File "/workspaces/1234567890/.venv/lib/python3.12/site-packages/aiogram/dispatcher/event/telegram.py", line 121, in trigger
    return await wrapped_inner(event, kwargs)
           ^^^^^^^^^^^^^^^^^^^^^^^^^^^^^^^^^^
  File "/workspaces/1234567890/.venv/lib/python3.12/site-packages/aiogram/dispatcher/event/handler.py", line 43, in call
    return await wrapped()
           ^^^^^^^^^^^^^^^
  File "/workspaces/1234567890/bot.py", line 372, in update_status
    await callback.message.edit_reply_markup(reply_markup=task_actions(task.id))
  File "/workspaces/1234567890/.venv/lib/python3.12/site-packages/aiogram/methods/base.py", line 84, in emit
    return await bot(self)
           ^^^^^^^^^^^^^^^
  File "/workspaces/1234567890/.venv/lib/python3.12/site-packages/aiogram/client/bot.py", line 487, in __call__
    return await self.session(self, method, timeout=request_timeout)
           ^^^^^^^^^^^^^^^^^^^^^^^^^^^^^^^^^^^^^^^^^^^^^^^^^^^^^^^^^
  File "/workspaces/1234567890/.venv/lib/python3.12/site-packages/aiogram/client/session/base.py", line 254, in __call__
    return cast(TelegramType, await middleware(bot, method))
                              ^^^^^^^^^^^^^^^^^^^^^^^^^^^^^
  File "/workspaces/1234567890/.venv/lib/python3.12/site-packages/aiogram/client/session/aiohttp.py", line 189, in make_request
    response = self.check_response(
               ^^^^^^^^^^^^^^^^^^^^
  File "/workspaces/1234567890/.venv/lib/python3.12/site-packages/aiogram/client/session/base.py", line 120, in check_response
    raise TelegramBadRequest(method=method, message=description)
aiogram.exceptions.TelegramBadRequest: Telegram server says - Bad Request: message is not modified: specified new message content and reply markup are exactly the same as a current content and reply markup of the message
2026-01-31 09:40:20,509 - INFO - Removed job remind_3
2026-01-31 09:40:20,510 - INFO - Added job "send_reminder" to job store "default"
2026-01-31 09:40:20,528 - INFO - Manual reminder scheduled for task 3 at 2026-02-01 09:40:20.506774
2026-01-31 09:40:20,528 - INFO - Update id=805948200 is handled. Duration 23 ms by bot id=8484197003
2026-01-31 09:40:21,243 - INFO - Removed job remind_3
2026-01-31 09:40:21,243 - INFO - Added job "send_reminder" to job store "default"
2026-01-31 09:40:21,259 - INFO - Manual reminder scheduled for task 3 at 2026-02-03 09:40:21.239532
2026-01-31 09:40:21,259 - INFO - Update id=805948201 is handled. Duration 21 ms by bot id=8484197003
2026-01-31 09:40:22,000 - INFO - Removed job remind_3
2026-01-31 09:40:22,001 - INFO - Added job "send_reminder" to job store "default"
2026-01-31 09:40:22,022 - INFO - Manual reminder scheduled for task 3 at 2026-02-07 09:40:21.997625
2026-01-31 09:40:22,022 - INFO - Update id=805948202 is handled. Duration 26 ms by bot id=8484197003
2026-01-31 09:40:22,747 - INFO - Update id=805948203 is not handled. Duration 34 ms by bot id=8484197003
2026-01-31 09:40:22,747 - ERROR - Cause exception while process update id=805948203 by bot id=8484197003
TelegramBadRequest: Telegram server says - Bad Request: message is not modified: specified new message content and reply markup are exactly the same as a current content and reply markup of the message
Traceback (most recent call last):
  File "/workspaces/1234567890/.venv/lib/python3.12/site-packages/aiogram/dispatcher/dispatcher.py", line 309, in _process_update
    response = await self.feed_update(bot, update, **kwargs)
               ^^^^^^^^^^^^^^^^^^^^^^^^^^^^^^^^^^^^^^^^^^^^^
  File "/workspaces/1234567890/.venv/lib/python3.12/site-packages/aiogram/dispatcher/dispatcher.py", line 158, in feed_update
    response = await self.update.wrap_outer_middleware(
               ^^^^^^^^^^^^^^^^^^^^^^^^^^^^^^^^^^^^^^^^
  File "/workspaces/1234567890/.venv/lib/python3.12/site-packages/aiogram/dispatcher/middlewares/error.py", line 25, in __call__
    return await handler(event, data)
           ^^^^^^^^^^^^^^^^^^^^^^^^^^
  File "/workspaces/1234567890/.venv/lib/python3.12/site-packages/aiogram/dispatcher/middlewares/user_context.py", line 56, in __call__
    return await handler(event, data)
           ^^^^^^^^^^^^^^^^^^^^^^^^^^
  File "/workspaces/1234567890/.venv/lib/python3.12/site-packages/aiogram/fsm/middleware.py", line 42, in __call__
    return await handler(event, data)
           ^^^^^^^^^^^^^^^^^^^^^^^^^^
  File "/workspaces/1234567890/.venv/lib/python3.12/site-packages/aiogram/dispatcher/event/telegram.py", line 121, in trigger
    return await wrapped_inner(event, kwargs)
           ^^^^^^^^^^^^^^^^^^^^^^^^^^^^^^^^^^
  File "/workspaces/1234567890/.venv/lib/python3.12/site-packages/aiogram/dispatcher/event/handler.py", line 43, in call
    return await wrapped()
           ^^^^^^^^^^^^^^^
  File "/workspaces/1234567890/.venv/lib/python3.12/site-packages/aiogram/dispatcher/dispatcher.py", line 276, in _listen_update
    return await self.propagate_event(update_type=update_type, event=event, **kwargs)
           ^^^^^^^^^^^^^^^^^^^^^^^^^^^^^^^^^^^^^^^^^^^^^^^^^^^^^^^^^^^^^^^^^^^^^^^^^^
  File "/workspaces/1234567890/.venv/lib/python3.12/site-packages/aiogram/dispatcher/router.py", line 146, in propagate_event
    return await observer.wrap_outer_middleware(_wrapped, event=event, data=kwargs)
           ^^^^^^^^^^^^^^^^^^^^^^^^^^^^^^^^^^^^^^^^^^^^^^^^^^^^^^^^^^^^^^^^^^^^^^^^
  File "/workspaces/1234567890/.venv/lib/python3.12/site-packages/aiogram/dispatcher/router.py", line 141, in _wrapped
    return await self._propagate_event(
           ^^^^^^^^^^^^^^^^^^^^^^^^^^^^
  File "/workspaces/1234567890/.venv/lib/python3.12/site-packages/aiogram/dispatcher/router.py", line 174, in _propagate_event
    response = await router.propagate_event(update_type=update_type, event=event, **kwargs)
               ^^^^^^^^^^^^^^^^^^^^^^^^^^^^^^^^^^^^^^^^^^^^^^^^^^^^^^^^^^^^^^^^^^^^^^^^^^^^
  File "/workspaces/1234567890/.venv/lib/python3.12/site-packages/aiogram/dispatcher/router.py", line 146, in propagate_event
    return await observer.wrap_outer_middleware(_wrapped, event=event, data=kwargs)
           ^^^^^^^^^^^^^^^^^^^^^^^^^^^^^^^^^^^^^^^^^^^^^^^^^^^^^^^^^^^^^^^^^^^^^^^^
  File "/workspaces/1234567890/.venv/lib/python3.12/site-packages/aiogram/dispatcher/router.py", line 141, in _wrapped
    return await self._propagate_event(
           ^^^^^^^^^^^^^^^^^^^^^^^^^^^^
  File "/workspaces/1234567890/.venv/lib/python3.12/site-packages/aiogram/dispatcher/router.py", line 166, in _propagate_event
    response = await observer.trigger(event, **kwargs)
               ^^^^^^^^^^^^^^^^^^^^^^^^^^^^^^^^^^^^^^^
  File "/workspaces/1234567890/.venv/lib/python3.12/site-packages/aiogram/dispatcher/event/telegram.py", line 121, in trigger
    return await wrapped_inner(event, kwargs)
           ^^^^^^^^^^^^^^^^^^^^^^^^^^^^^^^^^^
  File "/workspaces/1234567890/.venv/lib/python3.12/site-packages/aiogram/dispatcher/event/handler.py", line 43, in call
    return await wrapped()
           ^^^^^^^^^^^^^^^
  File "/workspaces/1234567890/bot.py", line 372, in update_status
    await callback.message.edit_reply_markup(reply_markup=task_actions(task.id))
  File "/workspaces/1234567890/.venv/lib/python3.12/site-packages/aiogram/methods/base.py", line 84, in emit
    return await bot(self)
           ^^^^^^^^^^^^^^^
  File "/workspaces/1234567890/.venv/lib/python3.12/site-packages/aiogram/client/bot.py", line 487, in __call__
    return await self.session(self, method, timeout=request_timeout)
           ^^^^^^^^^^^^^^^^^^^^^^^^^^^^^^^^^^^^^^^^^^^^^^^^^^^^^^^^^
  File "/workspaces/1234567890/.venv/lib/python3.12/site-packages/aiogram/client/session/base.py", line 254, in __call__
    return cast(TelegramType, await middleware(bot, method))
                              ^^^^^^^^^^^^^^^^^^^^^^^^^^^^^
  File "/workspaces/1234567890/.venv/lib/python3.12/site-packages/aiogram/client/session/aiohttp.py", line 189, in make_request
    response = self.check_response(
               ^^^^^^^^^^^^^^^^^^^^
  File "/workspaces/1234567890/.venv/lib/python3.12/site-packages/aiogram/client/session/base.py", line 120, in check_response
    raise TelegramBadRequest(method=method, message=description)
aiogram.exceptions.TelegramBadRequest: Telegram server says - Bad Request: message is not modified: specified new message content and reply markup are exactly the same as a current content and reply markup of the message
2026-01-31 09:42:54,407 - INFO - Sent task list to user Василий П.П., count: 3
2026-01-31 09:42:54,407 - INFO - Update id=805948204 is handled. Duration 69 ms by bot id=8484197003
2026-01-31 09:43:02,550 - INFO - Task detail shown: 3, status: готово
2026-01-31 09:43:02,550 - INFO - Update id=805948205 is handled. Duration 28 ms by bot id=8484197003
2026-01-31 09:43:04,362 - INFO - Update id=805948206 is not handled. Duration 47 ms by bot id=8484197003
2026-01-31 09:43:04,362 - ERROR - Cause exception while process update id=805948206 by bot id=8484197003
TelegramBadRequest: Telegram server says - Bad Request: message is not modified: specified new message content and reply markup are exactly the same as a current content and reply markup of the message
Traceback (most recent call last):
  File "/workspaces/1234567890/.venv/lib/python3.12/site-packages/aiogram/dispatcher/dispatcher.py", line 309, in _process_update
    response = await self.feed_update(bot, update, **kwargs)
               ^^^^^^^^^^^^^^^^^^^^^^^^^^^^^^^^^^^^^^^^^^^^^
  File "/workspaces/1234567890/.venv/lib/python3.12/site-packages/aiogram/dispatcher/dispatcher.py", line 158, in feed_update
    response = await self.update.wrap_outer_middleware(
               ^^^^^^^^^^^^^^^^^^^^^^^^^^^^^^^^^^^^^^^^
  File "/workspaces/1234567890/.venv/lib/python3.12/site-packages/aiogram/dispatcher/middlewares/error.py", line 25, in __call__
    return await handler(event, data)
           ^^^^^^^^^^^^^^^^^^^^^^^^^^
  File "/workspaces/1234567890/.venv/lib/python3.12/site-packages/aiogram/dispatcher/middlewares/user_context.py", line 56, in __call__
    return await handler(event, data)
           ^^^^^^^^^^^^^^^^^^^^^^^^^^
  File "/workspaces/1234567890/.venv/lib/python3.12/site-packages/aiogram/fsm/middleware.py", line 42, in __call__
    return await handler(event, data)
           ^^^^^^^^^^^^^^^^^^^^^^^^^^
  File "/workspaces/1234567890/.venv/lib/python3.12/site-packages/aiogram/dispatcher/event/telegram.py", line 121, in trigger
    return await wrapped_inner(event, kwargs)
           ^^^^^^^^^^^^^^^^^^^^^^^^^^^^^^^^^^
  File "/workspaces/1234567890/.venv/lib/python3.12/site-packages/aiogram/dispatcher/event/handler.py", line 43, in call
    return await wrapped()
           ^^^^^^^^^^^^^^^
  File "/workspaces/1234567890/.venv/lib/python3.12/site-packages/aiogram/dispatcher/dispatcher.py", line 276, in _listen_update
    return await self.propagate_event(update_type=update_type, event=event, **kwargs)
           ^^^^^^^^^^^^^^^^^^^^^^^^^^^^^^^^^^^^^^^^^^^^^^^^^^^^^^^^^^^^^^^^^^^^^^^^^^
  File "/workspaces/1234567890/.venv/lib/python3.12/site-packages/aiogram/dispatcher/router.py", line 146, in propagate_event
    return await observer.wrap_outer_middleware(_wrapped, event=event, data=kwargs)
           ^^^^^^^^^^^^^^^^^^^^^^^^^^^^^^^^^^^^^^^^^^^^^^^^^^^^^^^^^^^^^^^^^^^^^^^^
  File "/workspaces/1234567890/.venv/lib/python3.12/site-packages/aiogram/dispatcher/router.py", line 141, in _wrapped
    return await self._propagate_event(
           ^^^^^^^^^^^^^^^^^^^^^^^^^^^^
  File "/workspaces/1234567890/.venv/lib/python3.12/site-packages/aiogram/dispatcher/router.py", line 174, in _propagate_event
    response = await router.propagate_event(update_type=update_type, event=event, **kwargs)
               ^^^^^^^^^^^^^^^^^^^^^^^^^^^^^^^^^^^^^^^^^^^^^^^^^^^^^^^^^^^^^^^^^^^^^^^^^^^^
  File "/workspaces/1234567890/.venv/lib/python3.12/site-packages/aiogram/dispatcher/router.py", line 146, in propagate_event
    return await observer.wrap_outer_middleware(_wrapped, event=event, data=kwargs)
           ^^^^^^^^^^^^^^^^^^^^^^^^^^^^^^^^^^^^^^^^^^^^^^^^^^^^^^^^^^^^^^^^^^^^^^^^
  File "/workspaces/1234567890/.venv/lib/python3.12/site-packages/aiogram/dispatcher/router.py", line 141, in _wrapped
    return await self._propagate_event(
           ^^^^^^^^^^^^^^^^^^^^^^^^^^^^
  File "/workspaces/1234567890/.venv/lib/python3.12/site-packages/aiogram/dispatcher/router.py", line 166, in _propagate_event
    response = await observer.trigger(event, **kwargs)
               ^^^^^^^^^^^^^^^^^^^^^^^^^^^^^^^^^^^^^^^
  File "/workspaces/1234567890/.venv/lib/python3.12/site-packages/aiogram/dispatcher/event/telegram.py", line 121, in trigger
    return await wrapped_inner(event, kwargs)
           ^^^^^^^^^^^^^^^^^^^^^^^^^^^^^^^^^^
  File "/workspaces/1234567890/.venv/lib/python3.12/site-packages/aiogram/dispatcher/event/handler.py", line 43, in call
    return await wrapped()
           ^^^^^^^^^^^^^^^
  File "/workspaces/1234567890/bot.py", line 372, in update_status
    await callback.message.edit_reply_markup(reply_markup=task_actions(task.id))
  File "/workspaces/1234567890/.venv/lib/python3.12/site-packages/aiogram/methods/base.py", line 84, in emit
    return await bot(self)
           ^^^^^^^^^^^^^^^
  File "/workspaces/1234567890/.venv/lib/python3.12/site-packages/aiogram/client/bot.py", line 487, in __call__
    return await self.session(self, method, timeout=request_timeout)
           ^^^^^^^^^^^^^^^^^^^^^^^^^^^^^^^^^^^^^^^^^^^^^^^^^^^^^^^^^
  File "/workspaces/1234567890/.venv/lib/python3.12/site-packages/aiogram/client/session/base.py", line 254, in __call__
    return cast(TelegramType, await middleware(bot, method))
                              ^^^^^^^^^^^^^^^^^^^^^^^^^^^^^
  File "/workspaces/1234567890/.venv/lib/python3.12/site-packages/aiogram/client/session/aiohttp.py", line 189, in make_request
    response = self.check_response(
               ^^^^^^^^^^^^^^^^^^^^
  File "/workspaces/1234567890/.venv/lib/python3.12/site-packages/aiogram/client/session/base.py", line 120, in check_response
    raise TelegramBadRequest(method=method, message=description)
aiogram.exceptions.TelegramBadRequest: Telegram server says - Bad Request: message is not modified: specified new message content and reply markup are exactly the same as a current content and reply markup of the message
2026-01-31 09:43:17,895 - INFO - Update id=805948207 is not handled. Duration 50 ms by bot id=8484197003
2026-01-31 09:43:17,896 - ERROR - Cause exception while process update id=805948207 by bot id=8484197003
TelegramBadRequest: Telegram server says - Bad Request: message is not modified: specified new message content and reply markup are exactly the same as a current content and reply markup of the message
Traceback (most recent call last):
  File "/workspaces/1234567890/.venv/lib/python3.12/site-packages/aiogram/dispatcher/dispatcher.py", line 309, in _process_update
    response = await self.feed_update(bot, update, **kwargs)
               ^^^^^^^^^^^^^^^^^^^^^^^^^^^^^^^^^^^^^^^^^^^^^
  File "/workspaces/1234567890/.venv/lib/python3.12/site-packages/aiogram/dispatcher/dispatcher.py", line 158, in feed_update
    response = await self.update.wrap_outer_middleware(
               ^^^^^^^^^^^^^^^^^^^^^^^^^^^^^^^^^^^^^^^^
  File "/workspaces/1234567890/.venv/lib/python3.12/site-packages/aiogram/dispatcher/middlewares/error.py", line 25, in __call__
    return await handler(event, data)
           ^^^^^^^^^^^^^^^^^^^^^^^^^^
  File "/workspaces/1234567890/.venv/lib/python3.12/site-packages/aiogram/dispatcher/middlewares/user_context.py", line 56, in __call__
    return await handler(event, data)
           ^^^^^^^^^^^^^^^^^^^^^^^^^^
  File "/workspaces/1234567890/.venv/lib/python3.12/site-packages/aiogram/fsm/middleware.py", line 42, in __call__
    return await handler(event, data)
           ^^^^^^^^^^^^^^^^^^^^^^^^^^
  File "/workspaces/1234567890/.venv/lib/python3.12/site-packages/aiogram/dispatcher/event/telegram.py", line 121, in trigger
    return await wrapped_inner(event, kwargs)
           ^^^^^^^^^^^^^^^^^^^^^^^^^^^^^^^^^^
  File "/workspaces/1234567890/.venv/lib/python3.12/site-packages/aiogram/dispatcher/event/handler.py", line 43, in call
    return await wrapped()
           ^^^^^^^^^^^^^^^
  File "/workspaces/1234567890/.venv/lib/python3.12/site-packages/aiogram/dispatcher/dispatcher.py", line 276, in _listen_update
    return await self.propagate_event(update_type=update_type, event=event, **kwargs)
           ^^^^^^^^^^^^^^^^^^^^^^^^^^^^^^^^^^^^^^^^^^^^^^^^^^^^^^^^^^^^^^^^^^^^^^^^^^
  File "/workspaces/1234567890/.venv/lib/python3.12/site-packages/aiogram/dispatcher/router.py", line 146, in propagate_event
    return await observer.wrap_outer_middleware(_wrapped, event=event, data=kwargs)
           ^^^^^^^^^^^^^^^^^^^^^^^^^^^^^^^^^^^^^^^^^^^^^^^^^^^^^^^^^^^^^^^^^^^^^^^^
  File "/workspaces/1234567890/.venv/lib/python3.12/site-packages/aiogram/dispatcher/router.py", line 141, in _wrapped
    return await self._propagate_event(
           ^^^^^^^^^^^^^^^^^^^^^^^^^^^^
  File "/workspaces/1234567890/.venv/lib/python3.12/site-packages/aiogram/dispatcher/router.py", line 174, in _propagate_event
    response = await router.propagate_event(update_type=update_type, event=event, **kwargs)
               ^^^^^^^^^^^^^^^^^^^^^^^^^^^^^^^^^^^^^^^^^^^^^^^^^^^^^^^^^^^^^^^^^^^^^^^^^^^^
  File "/workspaces/1234567890/.venv/lib/python3.12/site-packages/aiogram/dispatcher/router.py", line 146, in propagate_event
    return await observer.wrap_outer_middleware(_wrapped, event=event, data=kwargs)
           ^^^^^^^^^^^^^^^^^^^^^^^^^^^^^^^^^^^^^^^^^^^^^^^^^^^^^^^^^^^^^^^^^^^^^^^^
  File "/workspaces/1234567890/.venv/lib/python3.12/site-packages/aiogram/dispatcher/router.py", line 141, in _wrapped
    return await self._propagate_event(
           ^^^^^^^^^^^^^^^^^^^^^^^^^^^^
  File "/workspaces/1234567890/.venv/lib/python3.12/site-packages/aiogram/dispatcher/router.py", line 166, in _propagate_event
    response = await observer.trigger(event, **kwargs)
               ^^^^^^^^^^^^^^^^^^^^^^^^^^^^^^^^^^^^^^^
  File "/workspaces/1234567890/.venv/lib/python3.12/site-packages/aiogram/dispatcher/event/telegram.py", line 121, in trigger
    return await wrapped_inner(event, kwargs)
           ^^^^^^^^^^^^^^^^^^^^^^^^^^^^^^^^^^
  File "/workspaces/1234567890/.venv/lib/python3.12/site-packages/aiogram/dispatcher/event/handler.py", line 43, in call
    return await wrapped()
           ^^^^^^^^^^^^^^^
  File "/workspaces/1234567890/bot.py", line 372, in update_status
    await callback.message.edit_reply_markup(reply_markup=task_actions(task.id))
  File "/workspaces/1234567890/.venv/lib/python3.12/site-packages/aiogram/methods/base.py", line 84, in emit
    return await bot(self)
           ^^^^^^^^^^^^^^^
  File "/workspaces/1234567890/.venv/lib/python3.12/site-packages/aiogram/client/bot.py", line 487, in __call__
    return await self.session(self, method, timeout=request_timeout)
           ^^^^^^^^^^^^^^^^^^^^^^^^^^^^^^^^^^^^^^^^^^^^^^^^^^^^^^^^^
  File "/workspaces/1234567890/.venv/lib/python3.12/site-packages/aiogram/client/session/base.py", line 254, in __call__
    return cast(TelegramType, await middleware(bot, method))
                              ^^^^^^^^^^^^^^^^^^^^^^^^^^^^^
  File "/workspaces/1234567890/.venv/lib/python3.12/site-packages/aiogram/client/session/aiohttp.py", line 189, in make_request
    response = self.check_response(
               ^^^^^^^^^^^^^^^^^^^^
  File "/workspaces/1234567890/.venv/lib/python3.12/site-packages/aiogram/client/session/base.py", line 120, in check_response
    raise TelegramBadRequest(method=method, message=description)
aiogram.exceptions.TelegramBadRequest: Telegram server says - Bad Request: message is not modified: specified new message content and reply markup are exactly the same as a current content and reply markup of the message
2026-01-31 09:43:20,545 - INFO - Update id=805948208 is not handled. Duration 99 ms by bot id=8484197003
2026-01-31 09:43:20,545 - ERROR - Cause exception while process update id=805948208 by bot id=8484197003
TelegramBadRequest: Telegram server says - Bad Request: message is not modified: specified new message content and reply markup are exactly the same as a current content and reply markup of the message
Traceback (most recent call last):
  File "/workspaces/1234567890/.venv/lib/python3.12/site-packages/aiogram/dispatcher/dispatcher.py", line 309, in _process_update
    response = await self.feed_update(bot, update, **kwargs)
               ^^^^^^^^^^^^^^^^^^^^^^^^^^^^^^^^^^^^^^^^^^^^^
  File "/workspaces/1234567890/.venv/lib/python3.12/site-packages/aiogram/dispatcher/dispatcher.py", line 158, in feed_update
    response = await self.update.wrap_outer_middleware(
               ^^^^^^^^^^^^^^^^^^^^^^^^^^^^^^^^^^^^^^^^
  File "/workspaces/1234567890/.venv/lib/python3.12/site-packages/aiogram/dispatcher/middlewares/error.py", line 25, in __call__
    return await handler(event, data)
           ^^^^^^^^^^^^^^^^^^^^^^^^^^
  File "/workspaces/1234567890/.venv/lib/python3.12/site-packages/aiogram/dispatcher/middlewares/user_context.py", line 56, in __call__
    return await handler(event, data)
           ^^^^^^^^^^^^^^^^^^^^^^^^^^
  File "/workspaces/1234567890/.venv/lib/python3.12/site-packages/aiogram/fsm/middleware.py", line 42, in __call__
    return await handler(event, data)
           ^^^^^^^^^^^^^^^^^^^^^^^^^^
  File "/workspaces/1234567890/.venv/lib/python3.12/site-packages/aiogram/dispatcher/event/telegram.py", line 121, in trigger
    return await wrapped_inner(event, kwargs)
           ^^^^^^^^^^^^^^^^^^^^^^^^^^^^^^^^^^
  File "/workspaces/1234567890/.venv/lib/python3.12/site-packages/aiogram/dispatcher/event/handler.py", line 43, in call
    return await wrapped()
           ^^^^^^^^^^^^^^^
  File "/workspaces/1234567890/.venv/lib/python3.12/site-packages/aiogram/dispatcher/dispatcher.py", line 276, in _listen_update
    return await self.propagate_event(update_type=update_type, event=event, **kwargs)
           ^^^^^^^^^^^^^^^^^^^^^^^^^^^^^^^^^^^^^^^^^^^^^^^^^^^^^^^^^^^^^^^^^^^^^^^^^^
  File "/workspaces/1234567890/.venv/lib/python3.12/site-packages/aiogram/dispatcher/router.py", line 146, in propagate_event
    return await observer.wrap_outer_middleware(_wrapped, event=event, data=kwargs)
           ^^^^^^^^^^^^^^^^^^^^^^^^^^^^^^^^^^^^^^^^^^^^^^^^^^^^^^^^^^^^^^^^^^^^^^^^
  File "/workspaces/1234567890/.venv/lib/python3.12/site-packages/aiogram/dispatcher/router.py", line 141, in _wrapped
    return await self._propagate_event(
           ^^^^^^^^^^^^^^^^^^^^^^^^^^^^
  File "/workspaces/1234567890/.venv/lib/python3.12/site-packages/aiogram/dispatcher/router.py", line 174, in _propagate_event
    response = await router.propagate_event(update_type=update_type, event=event, **kwargs)
               ^^^^^^^^^^^^^^^^^^^^^^^^^^^^^^^^^^^^^^^^^^^^^^^^^^^^^^^^^^^^^^^^^^^^^^^^^^^^
  File "/workspaces/1234567890/.venv/lib/python3.12/site-packages/aiogram/dispatcher/router.py", line 146, in propagate_event
    return await observer.wrap_outer_middleware(_wrapped, event=event, data=kwargs)
           ^^^^^^^^^^^^^^^^^^^^^^^^^^^^^^^^^^^^^^^^^^^^^^^^^^^^^^^^^^^^^^^^^^^^^^^^
  File "/workspaces/1234567890/.venv/lib/python3.12/site-packages/aiogram/dispatcher/router.py", line 141, in _wrapped
    return await self._propagate_event(
           ^^^^^^^^^^^^^^^^^^^^^^^^^^^^
  File "/workspaces/1234567890/.venv/lib/python3.12/site-packages/aiogram/dispatcher/router.py", line 166, in _propagate_event
    response = await observer.trigger(event, **kwargs)
               ^^^^^^^^^^^^^^^^^^^^^^^^^^^^^^^^^^^^^^^
  File "/workspaces/1234567890/.venv/lib/python3.12/site-packages/aiogram/dispatcher/event/telegram.py", line 121, in trigger
    return await wrapped_inner(event, kwargs)
           ^^^^^^^^^^^^^^^^^^^^^^^^^^^^^^^^^^
  File "/workspaces/1234567890/.venv/lib/python3.12/site-packages/aiogram/dispatcher/event/handler.py", line 43, in call
    return await wrapped()
           ^^^^^^^^^^^^^^^
  File "/workspaces/1234567890/bot.py", line 372, in update_status
    await callback.message.edit_reply_markup(reply_markup=task_actions(task.id))
  File "/workspaces/1234567890/.venv/lib/python3.12/site-packages/aiogram/methods/base.py", line 84, in emit
    return await bot(self)
           ^^^^^^^^^^^^^^^
  File "/workspaces/1234567890/.venv/lib/python3.12/site-packages/aiogram/client/bot.py", line 487, in __call__
    return await self.session(self, method, timeout=request_timeout)
           ^^^^^^^^^^^^^^^^^^^^^^^^^^^^^^^^^^^^^^^^^^^^^^^^^^^^^^^^^
  File "/workspaces/1234567890/.venv/lib/python3.12/site-packages/aiogram/client/session/base.py", line 254, in __call__
    return cast(TelegramType, await middleware(bot, method))
                              ^^^^^^^^^^^^^^^^^^^^^^^^^^^^^
  File "/workspaces/1234567890/.venv/lib/python3.12/site-packages/aiogram/client/session/aiohttp.py", line 189, in make_request
    response = self.check_response(
               ^^^^^^^^^^^^^^^^^^^^
  File "/workspaces/1234567890/.venv/lib/python3.12/site-packages/aiogram/client/session/base.py", line 120, in check_response
    raise TelegramBadRequest(method=method, message=description)
aiogram.exceptions.TelegramBadRequest: Telegram server says - Bad Request: message is not modified: specified new message content and reply markup are exactly the same as a current content and reply markup of the message
2026-01-31 09:43:21,454 - INFO - Update id=805948209 is not handled. Duration 50 ms by bot id=8484197003
2026-01-31 09:43:21,454 - ERROR - Cause exception while process update id=805948209 by bot id=8484197003
TelegramBadRequest: Telegram server says - Bad Request: message is not modified: specified new message content and reply markup are exactly the same as a current content and reply markup of the message
Traceback (most recent call last):
  File "/workspaces/1234567890/.venv/lib/python3.12/site-packages/aiogram/dispatcher/dispatcher.py", line 309, in _process_update
    response = await self.feed_update(bot, update, **kwargs)
               ^^^^^^^^^^^^^^^^^^^^^^^^^^^^^^^^^^^^^^^^^^^^^
  File "/workspaces/1234567890/.venv/lib/python3.12/site-packages/aiogram/dispatcher/dispatcher.py", line 158, in feed_update
    response = await self.update.wrap_outer_middleware(
               ^^^^^^^^^^^^^^^^^^^^^^^^^^^^^^^^^^^^^^^^
  File "/workspaces/1234567890/.venv/lib/python3.12/site-packages/aiogram/dispatcher/middlewares/error.py", line 25, in __call__
    return await handler(event, data)
           ^^^^^^^^^^^^^^^^^^^^^^^^^^
  File "/workspaces/1234567890/.venv/lib/python3.12/site-packages/aiogram/dispatcher/middlewares/user_context.py", line 56, in __call__
    return await handler(event, data)
           ^^^^^^^^^^^^^^^^^^^^^^^^^^
  File "/workspaces/1234567890/.venv/lib/python3.12/site-packages/aiogram/fsm/middleware.py", line 42, in __call__
    return await handler(event, data)
           ^^^^^^^^^^^^^^^^^^^^^^^^^^
  File "/workspaces/1234567890/.venv/lib/python3.12/site-packages/aiogram/dispatcher/event/telegram.py", line 121, in trigger
    return await wrapped_inner(event, kwargs)
           ^^^^^^^^^^^^^^^^^^^^^^^^^^^^^^^^^^
  File "/workspaces/1234567890/.venv/lib/python3.12/site-packages/aiogram/dispatcher/event/handler.py", line 43, in call
    return await wrapped()
           ^^^^^^^^^^^^^^^
  File "/workspaces/1234567890/.venv/lib/python3.12/site-packages/aiogram/dispatcher/dispatcher.py", line 276, in _listen_update
    return await self.propagate_event(update_type=update_type, event=event, **kwargs)
           ^^^^^^^^^^^^^^^^^^^^^^^^^^^^^^^^^^^^^^^^^^^^^^^^^^^^^^^^^^^^^^^^^^^^^^^^^^
  File "/workspaces/1234567890/.venv/lib/python3.12/site-packages/aiogram/dispatcher/router.py", line 146, in propagate_event
    return await observer.wrap_outer_middleware(_wrapped, event=event, data=kwargs)
           ^^^^^^^^^^^^^^^^^^^^^^^^^^^^^^^^^^^^^^^^^^^^^^^^^^^^^^^^^^^^^^^^^^^^^^^^
  File "/workspaces/1234567890/.venv/lib/python3.12/site-packages/aiogram/dispatcher/router.py", line 141, in _wrapped
    return await self._propagate_event(
           ^^^^^^^^^^^^^^^^^^^^^^^^^^^^
  File "/workspaces/1234567890/.venv/lib/python3.12/site-packages/aiogram/dispatcher/router.py", line 174, in _propagate_event
    response = await router.propagate_event(update_type=update_type, event=event, **kwargs)
               ^^^^^^^^^^^^^^^^^^^^^^^^^^^^^^^^^^^^^^^^^^^^^^^^^^^^^^^^^^^^^^^^^^^^^^^^^^^^
  File "/workspaces/1234567890/.venv/lib/python3.12/site-packages/aiogram/dispatcher/router.py", line 146, in propagate_event
    return await observer.wrap_outer_middleware(_wrapped, event=event, data=kwargs)
           ^^^^^^^^^^^^^^^^^^^^^^^^^^^^^^^^^^^^^^^^^^^^^^^^^^^^^^^^^^^^^^^^^^^^^^^^
  File "/workspaces/1234567890/.venv/lib/python3.12/site-packages/aiogram/dispatcher/router.py", line 141, in _wrapped
    return await self._propagate_event(
           ^^^^^^^^^^^^^^^^^^^^^^^^^^^^
  File "/workspaces/1234567890/.venv/lib/python3.12/site-packages/aiogram/dispatcher/router.py", line 166, in _propagate_event
    response = await observer.trigger(event, **kwargs)
               ^^^^^^^^^^^^^^^^^^^^^^^^^^^^^^^^^^^^^^^
  File "/workspaces/1234567890/.venv/lib/python3.12/site-packages/aiogram/dispatcher/event/telegram.py", line 121, in trigger
    return await wrapped_inner(event, kwargs)
           ^^^^^^^^^^^^^^^^^^^^^^^^^^^^^^^^^^
  File "/workspaces/1234567890/.venv/lib/python3.12/site-packages/aiogram/dispatcher/event/handler.py", line 43, in call
    return await wrapped()
           ^^^^^^^^^^^^^^^
  File "/workspaces/1234567890/bot.py", line 372, in update_status
    await callback.message.edit_reply_markup(reply_markup=task_actions(task.id))
  File "/workspaces/1234567890/.venv/lib/python3.12/site-packages/aiogram/methods/base.py", line 84, in emit
    return await bot(self)
           ^^^^^^^^^^^^^^^
  File "/workspaces/1234567890/.venv/lib/python3.12/site-packages/aiogram/client/bot.py", line 487, in __call__
    return await self.session(self, method, timeout=request_timeout)
           ^^^^^^^^^^^^^^^^^^^^^^^^^^^^^^^^^^^^^^^^^^^^^^^^^^^^^^^^^
  File "/workspaces/1234567890/.venv/lib/python3.12/site-packages/aiogram/client/session/base.py", line 254, in __call__
    return cast(TelegramType, await middleware(bot, method))
                              ^^^^^^^^^^^^^^^^^^^^^^^^^^^^^
  File "/workspaces/1234567890/.venv/lib/python3.12/site-packages/aiogram/client/session/aiohttp.py", line 189, in make_request
    response = self.check_response(
               ^^^^^^^^^^^^^^^^^^^^
  File "/workspaces/1234567890/.venv/lib/python3.12/site-packages/aiogram/client/session/base.py", line 120, in check_response
    raise TelegramBadRequest(method=method, message=description)
aiogram.exceptions.TelegramBadRequest: Telegram server says - Bad Request: message is not modified: specified new message content and reply markup are exactly the same as a current content and reply markup of the message
2026-01-31 09:43:22,895 - INFO - Update id=805948210 is not handled. Duration 175 ms by bot id=8484197003
2026-01-31 09:43:22,895 - ERROR - Cause exception while process update id=805948210 by bot id=8484197003
TelegramBadRequest: Telegram server says - Bad Request: message is not modified: specified new message content and reply markup are exactly the same as a current content and reply markup of the message
Traceback (most recent call last):
  File "/workspaces/1234567890/.venv/lib/python3.12/site-packages/aiogram/dispatcher/dispatcher.py", line 309, in _process_update
    response = await self.feed_update(bot, update, **kwargs)
               ^^^^^^^^^^^^^^^^^^^^^^^^^^^^^^^^^^^^^^^^^^^^^
  File "/workspaces/1234567890/.venv/lib/python3.12/site-packages/aiogram/dispatcher/dispatcher.py", line 158, in feed_update
    response = await self.update.wrap_outer_middleware(
               ^^^^^^^^^^^^^^^^^^^^^^^^^^^^^^^^^^^^^^^^
  File "/workspaces/1234567890/.venv/lib/python3.12/site-packages/aiogram/dispatcher/middlewares/error.py", line 25, in __call__
    return await handler(event, data)
           ^^^^^^^^^^^^^^^^^^^^^^^^^^
  File "/workspaces/1234567890/.venv/lib/python3.12/site-packages/aiogram/dispatcher/middlewares/user_context.py", line 56, in __call__
    return await handler(event, data)
           ^^^^^^^^^^^^^^^^^^^^^^^^^^
  File "/workspaces/1234567890/.venv/lib/python3.12/site-packages/aiogram/fsm/middleware.py", line 42, in __call__
    return await handler(event, data)
           ^^^^^^^^^^^^^^^^^^^^^^^^^^
  File "/workspaces/1234567890/.venv/lib/python3.12/site-packages/aiogram/dispatcher/event/telegram.py", line 121, in trigger
    return await wrapped_inner(event, kwargs)
           ^^^^^^^^^^^^^^^^^^^^^^^^^^^^^^^^^^
  File "/workspaces/1234567890/.venv/lib/python3.12/site-packages/aiogram/dispatcher/event/handler.py", line 43, in call
    return await wrapped()
           ^^^^^^^^^^^^^^^
  File "/workspaces/1234567890/.venv/lib/python3.12/site-packages/aiogram/dispatcher/dispatcher.py", line 276, in _listen_update
    return await self.propagate_event(update_type=update_type, event=event, **kwargs)
           ^^^^^^^^^^^^^^^^^^^^^^^^^^^^^^^^^^^^^^^^^^^^^^^^^^^^^^^^^^^^^^^^^^^^^^^^^^
  File "/workspaces/1234567890/.venv/lib/python3.12/site-packages/aiogram/dispatcher/router.py", line 146, in propagate_event
    return await observer.wrap_outer_middleware(_wrapped, event=event, data=kwargs)
           ^^^^^^^^^^^^^^^^^^^^^^^^^^^^^^^^^^^^^^^^^^^^^^^^^^^^^^^^^^^^^^^^^^^^^^^^
  File "/workspaces/1234567890/.venv/lib/python3.12/site-packages/aiogram/dispatcher/router.py", line 141, in _wrapped
    return await self._propagate_event(
           ^^^^^^^^^^^^^^^^^^^^^^^^^^^^
  File "/workspaces/1234567890/.venv/lib/python3.12/site-packages/aiogram/dispatcher/router.py", line 174, in _propagate_event
    response = await router.propagate_event(update_type=update_type, event=event, **kwargs)
               ^^^^^^^^^^^^^^^^^^^^^^^^^^^^^^^^^^^^^^^^^^^^^^^^^^^^^^^^^^^^^^^^^^^^^^^^^^^^
  File "/workspaces/1234567890/.venv/lib/python3.12/site-packages/aiogram/dispatcher/router.py", line 146, in propagate_event
    return await observer.wrap_outer_middleware(_wrapped, event=event, data=kwargs)
           ^^^^^^^^^^^^^^^^^^^^^^^^^^^^^^^^^^^^^^^^^^^^^^^^^^^^^^^^^^^^^^^^^^^^^^^^
  File "/workspaces/1234567890/.venv/lib/python3.12/site-packages/aiogram/dispatcher/router.py", line 141, in _wrapped
    return await self._propagate_event(
           ^^^^^^^^^^^^^^^^^^^^^^^^^^^^
  File "/workspaces/1234567890/.venv/lib/python3.12/site-packages/aiogram/dispatcher/router.py", line 166, in _propagate_event
    response = await observer.trigger(event, **kwargs)
               ^^^^^^^^^^^^^^^^^^^^^^^^^^^^^^^^^^^^^^^
  File "/workspaces/1234567890/.venv/lib/python3.12/site-packages/aiogram/dispatcher/event/telegram.py", line 121, in trigger
    return await wrapped_inner(event, kwargs)
           ^^^^^^^^^^^^^^^^^^^^^^^^^^^^^^^^^^
  File "/workspaces/1234567890/.venv/lib/python3.12/site-packages/aiogram/dispatcher/event/handler.py", line 43, in call
    return await wrapped()
           ^^^^^^^^^^^^^^^
  File "/workspaces/1234567890/bot.py", line 372, in update_status
    await callback.message.edit_reply_markup(reply_markup=task_actions(task.id))
  File "/workspaces/1234567890/.venv/lib/python3.12/site-packages/aiogram/methods/base.py", line 84, in emit
    return await bot(self)
           ^^^^^^^^^^^^^^^
  File "/workspaces/1234567890/.venv/lib/python3.12/site-packages/aiogram/client/bot.py", line 487, in __call__
    return await self.session(self, method, timeout=request_timeout)
           ^^^^^^^^^^^^^^^^^^^^^^^^^^^^^^^^^^^^^^^^^^^^^^^^^^^^^^^^^
  File "/workspaces/1234567890/.venv/lib/python3.12/site-packages/aiogram/client/session/base.py", line 254, in __call__
    return cast(TelegramType, await middleware(bot, method))
                              ^^^^^^^^^^^^^^^^^^^^^^^^^^^^^
  File "/workspaces/1234567890/.venv/lib/python3.12/site-packages/aiogram/client/session/aiohttp.py", line 189, in make_request
    response = self.check_response(
               ^^^^^^^^^^^^^^^^^^^^
  File "/workspaces/1234567890/.venv/lib/python3.12/site-packages/aiogram/client/session/base.py", line 120, in check_response
    raise TelegramBadRequest(method=method, message=description)
aiogram.exceptions.TelegramBadRequest: Telegram server says - Bad Request: message is not modified: specified new message content and reply markup are exactly the same as a current content and reply markup of the message
2026-01-31 10:06:20,308 - INFO - Scheduler started
2026-01-31 10:06:20,309 - INFO - Bot started
2026-01-31 10:06:20,370 - INFO - Start polling
2026-01-31 10:06:20,412 - INFO - Run polling for bot @Buzzer_bot_bot id=8484197003 - 'BUZZER'
2026-01-31 10:06:20,456 - INFO - User 5305657930 (Seaborgium_element) started bot
2026-01-31 10:06:20,467 - INFO - User 5305657930 (Seaborgium_element) started bot
2026-01-31 10:06:50,496 - INFO - Update id=805948224 is not handled. Duration 30041 ms by bot id=8484197003
2026-01-31 10:06:50,496 - ERROR - Cause exception while process update id=805948224 by bot id=8484197003
TimeoutError: QueuePool limit of size 5 overflow 10 reached, connection timed out, timeout 30.00 (Background on this error at: https://sqlalche.me/e/20/3o7r)
Traceback (most recent call last):
  File "/workspaces/1234567890/.venv/lib/python3.12/site-packages/aiogram/dispatcher/dispatcher.py", line 309, in _process_update
    response = await self.feed_update(bot, update, **kwargs)
               ^^^^^^^^^^^^^^^^^^^^^^^^^^^^^^^^^^^^^^^^^^^^^
  File "/workspaces/1234567890/.venv/lib/python3.12/site-packages/aiogram/dispatcher/dispatcher.py", line 158, in feed_update
    response = await self.update.wrap_outer_middleware(
               ^^^^^^^^^^^^^^^^^^^^^^^^^^^^^^^^^^^^^^^^
  File "/workspaces/1234567890/.venv/lib/python3.12/site-packages/aiogram/dispatcher/middlewares/error.py", line 25, in __call__
    return await handler(event, data)
           ^^^^^^^^^^^^^^^^^^^^^^^^^^
  File "/workspaces/1234567890/.venv/lib/python3.12/site-packages/aiogram/dispatcher/middlewares/user_context.py", line 56, in __call__
    return await handler(event, data)
           ^^^^^^^^^^^^^^^^^^^^^^^^^^
  File "/workspaces/1234567890/.venv/lib/python3.12/site-packages/aiogram/fsm/middleware.py", line 42, in __call__
    return await handler(event, data)
           ^^^^^^^^^^^^^^^^^^^^^^^^^^
  File "/workspaces/1234567890/.venv/lib/python3.12/site-packages/aiogram/dispatcher/event/telegram.py", line 121, in trigger
    return await wrapped_inner(event, kwargs)
           ^^^^^^^^^^^^^^^^^^^^^^^^^^^^^^^^^^
  File "/workspaces/1234567890/.venv/lib/python3.12/site-packages/aiogram/dispatcher/event/handler.py", line 43, in call
    return await wrapped()
           ^^^^^^^^^^^^^^^
  File "/workspaces/1234567890/.venv/lib/python3.12/site-packages/aiogram/dispatcher/dispatcher.py", line 276, in _listen_update
    return await self.propagate_event(update_type=update_type, event=event, **kwargs)
           ^^^^^^^^^^^^^^^^^^^^^^^^^^^^^^^^^^^^^^^^^^^^^^^^^^^^^^^^^^^^^^^^^^^^^^^^^^
  File "/workspaces/1234567890/.venv/lib/python3.12/site-packages/aiogram/dispatcher/router.py", line 146, in propagate_event
    return await observer.wrap_outer_middleware(_wrapped, event=event, data=kwargs)
           ^^^^^^^^^^^^^^^^^^^^^^^^^^^^^^^^^^^^^^^^^^^^^^^^^^^^^^^^^^^^^^^^^^^^^^^^
  File "/workspaces/1234567890/.venv/lib/python3.12/site-packages/aiogram/dispatcher/router.py", line 141, in _wrapped
    return await self._propagate_event(
           ^^^^^^^^^^^^^^^^^^^^^^^^^^^^
  File "/workspaces/1234567890/.venv/lib/python3.12/site-packages/aiogram/dispatcher/router.py", line 174, in _propagate_event
    response = await router.propagate_event(update_type=update_type, event=event, **kwargs)
               ^^^^^^^^^^^^^^^^^^^^^^^^^^^^^^^^^^^^^^^^^^^^^^^^^^^^^^^^^^^^^^^^^^^^^^^^^^^^
  File "/workspaces/1234567890/.venv/lib/python3.12/site-packages/aiogram/dispatcher/router.py", line 146, in propagate_event
    return await observer.wrap_outer_middleware(_wrapped, event=event, data=kwargs)
           ^^^^^^^^^^^^^^^^^^^^^^^^^^^^^^^^^^^^^^^^^^^^^^^^^^^^^^^^^^^^^^^^^^^^^^^^
  File "/workspaces/1234567890/.venv/lib/python3.12/site-packages/aiogram/dispatcher/router.py", line 141, in _wrapped
    return await self._propagate_event(
           ^^^^^^^^^^^^^^^^^^^^^^^^^^^^
  File "/workspaces/1234567890/.venv/lib/python3.12/site-packages/aiogram/dispatcher/router.py", line 166, in _propagate_event
    response = await observer.trigger(event, **kwargs)
               ^^^^^^^^^^^^^^^^^^^^^^^^^^^^^^^^^^^^^^^
  File "/workspaces/1234567890/.venv/lib/python3.12/site-packages/aiogram/dispatcher/event/telegram.py", line 121, in trigger
    return await wrapped_inner(event, kwargs)
           ^^^^^^^^^^^^^^^^^^^^^^^^^^^^^^^^^^
  File "/workspaces/1234567890/.venv/lib/python3.12/site-packages/aiogram/dispatcher/event/handler.py", line 43, in call
    return await wrapped()
           ^^^^^^^^^^^^^^^
  File "/workspaces/1234567890/bot.py", line 325, in my_tasks
    user = session.query(User).filter(User.tg_user_id == message.from_user.id).first()
           ^^^^^^^^^^^^^^^^^^^^^^^^^^^^^^^^^^^^^^^^^^^^^^^^^^^^^^^^^^^^^^^^^^^^^^^^^^^
  File "/workspaces/1234567890/.venv/lib/python3.12/site-packages/sqlalchemy/orm/query.py", line 2728, in first
    return self.limit(1)._iter().first()  # type: ignore
           ^^^^^^^^^^^^^^^^^^^^^
  File "/workspaces/1234567890/.venv/lib/python3.12/site-packages/sqlalchemy/orm/query.py", line 2827, in _iter
    result: Union[ScalarResult[_T], Result[_T]] = self.session.execute(
                                                  ^^^^^^^^^^^^^^^^^^^^^
  File "/workspaces/1234567890/.venv/lib/python3.12/site-packages/sqlalchemy/orm/session.py", line 2362, in execute
    return self._execute_internal(
           ^^^^^^^^^^^^^^^^^^^^^^^
  File "/workspaces/1234567890/.venv/lib/python3.12/site-packages/sqlalchemy/orm/session.py", line 2237, in _execute_internal
    conn = self._connection_for_bind(bind)
           ^^^^^^^^^^^^^^^^^^^^^^^^^^^^^^^
  File "/workspaces/1234567890/.venv/lib/python3.12/site-packages/sqlalchemy/orm/session.py", line 2106, in _connection_for_bind
    return trans._connection_for_bind(engine, execution_options)
           ^^^^^^^^^^^^^^^^^^^^^^^^^^^^^^^^^^^^^^^^^^^^^^^^^^^^^
  File "<string>", line 2, in _connection_for_bind
  File "/workspaces/1234567890/.venv/lib/python3.12/site-packages/sqlalchemy/orm/state_changes.py", line 139, in _go
    ret_value = fn(self, *arg, **kw)
                ^^^^^^^^^^^^^^^^^^^^
  File "/workspaces/1234567890/.venv/lib/python3.12/site-packages/sqlalchemy/orm/session.py", line 1189, in _connection_for_bind
    conn = bind.connect()
           ^^^^^^^^^^^^^^
  File "/workspaces/1234567890/.venv/lib/python3.12/site-packages/sqlalchemy/engine/base.py", line 3278, in connect
    return self._connection_cls(self)
           ^^^^^^^^^^^^^^^^^^^^^^^^^^
  File "/workspaces/1234567890/.venv/lib/python3.12/site-packages/sqlalchemy/engine/base.py", line 146, in __init__
    self._dbapi_connection = engine.raw_connection()
                             ^^^^^^^^^^^^^^^^^^^^^^^
  File "/workspaces/1234567890/.venv/lib/python3.12/site-packages/sqlalchemy/engine/base.py", line 3302, in raw_connection
    return self.pool.connect()
           ^^^^^^^^^^^^^^^^^^^
  File "/workspaces/1234567890/.venv/lib/python3.12/site-packages/sqlalchemy/pool/base.py", line 449, in connect
    return _ConnectionFairy._checkout(self)
           ^^^^^^^^^^^^^^^^^^^^^^^^^^^^^^^^
  File "/workspaces/1234567890/.venv/lib/python3.12/site-packages/sqlalchemy/pool/base.py", line 1263, in _checkout
    fairy = _ConnectionRecord.checkout(pool)
            ^^^^^^^^^^^^^^^^^^^^^^^^^^^^^^^^
  File "/workspaces/1234567890/.venv/lib/python3.12/site-packages/sqlalchemy/pool/base.py", line 712, in checkout
    rec = pool._do_get()
          ^^^^^^^^^^^^^^
  File "/workspaces/1234567890/.venv/lib/python3.12/site-packages/sqlalchemy/pool/impl.py", line 168, in _do_get
    raise exc.TimeoutError(
sqlalchemy.exc.TimeoutError: QueuePool limit of size 5 overflow 10 reached, connection timed out, timeout 30.00 (Background on this error at: https://sqlalche.me/e/20/3o7r)
2026-01-31 10:06:50,536 - INFO - Update id=805948225 is not handled. Duration 30080 ms by bot id=8484197003
2026-01-31 10:06:50,678 - INFO - Welcome message sent to Валерий А.Ф
2026-01-31 10:06:50,679 - INFO - Update id=805948227 is handled. Duration 30211 ms by bot id=8484197003
2026-01-31 10:06:50,680 - INFO - Sent task list to user Василий П.П., count: 3
2026-01-31 10:06:50,680 - INFO - Update id=805948214 is handled. Duration 30233 ms by bot id=8484197003
2026-01-31 10:06:50,680 - INFO - Welcome message sent to Валерий А.Ф
2026-01-31 10:06:50,680 - INFO - Update id=805948226 is handled. Duration 30224 ms by bot id=8484197003
2026-01-31 10:06:50,681 - INFO - Sent task list to user Василий П.П., count: 3
2026-01-31 10:06:50,681 - INFO - Update id=805948216 is handled. Duration 30234 ms by bot id=8484197003
2026-01-31 10:06:50,681 - INFO - Sent task list to user Василий П.П., count: 3
2026-01-31 10:06:50,682 - INFO - Update id=805948220 is handled. Duration 30229 ms by bot id=8484197003
2026-01-31 10:06:50,682 - INFO - Sent task list to user Василий П.П., count: 3
2026-01-31 10:06:50,682 - INFO - Update id=805948218 is handled. Duration 30230 ms by bot id=8484197003
2026-01-31 10:06:50,697 - INFO - Sent task list to user Василий П.П., count: 3
2026-01-31 10:06:50,697 - INFO - Update id=805948222 is handled. Duration 30242 ms by bot id=8484197003
2026-01-31 10:06:50,722 - INFO - Sent task list to user Василий П.П., count: 3
2026-01-31 10:06:50,723 - INFO - Update id=805948212 is handled. Duration 30277 ms by bot id=8484197003
2026-01-31 10:06:50,744 - INFO - Sent task list to user Василий П.П., count: 3
2026-01-31 10:06:50,745 - INFO - Update id=805948211 is handled. Duration 30299 ms by bot id=8484197003
2026-01-31 10:06:50,766 - INFO - Sent task list to user Василий П.П., count: 3
2026-01-31 10:06:50,766 - INFO - Update id=805948217 is handled. Duration 30319 ms by bot id=8484197003
2026-01-31 10:06:50,793 - INFO - Sent task list to user Василий П.П., count: 3
2026-01-31 10:06:50,793 - INFO - Update id=805948219 is handled. Duration 30340 ms by bot id=8484197003
2026-01-31 10:06:50,822 - INFO - Sent task list to user Василий П.П., count: 3
2026-01-31 10:06:50,822 - INFO - Update id=805948221 is handled. Duration 30369 ms by bot id=8484197003
2026-01-31 10:06:50,840 - INFO - Sent task list to user Василий П.П., count: 3
2026-01-31 10:06:50,843 - INFO - Update id=805948223 is handled. Duration 30388 ms by bot id=8484197003
2026-01-31 10:06:50,861 - INFO - Sent task list to user Василий П.П., count: 3
2026-01-31 10:06:50,862 - INFO - Update id=805948213 is handled. Duration 30416 ms by bot id=8484197003
2026-01-31 10:06:50,890 - INFO - Sent task list to user Василий П.П., count: 3
2026-01-31 10:06:50,890 - INFO - Update id=805948215 is handled. Duration 30443 ms by bot id=8484197003
2026-01-31 10:09:27,853 - INFO - User 6911846159 (Константин) started bot
2026-01-31 10:09:27,936 - INFO - Welcome message sent to Василий П.П.
2026-01-31 10:09:27,936 - INFO - Update id=805948228 is handled. Duration 82 ms by bot id=8484197003
2026-01-31 10:09:32,406 - INFO - Sent task list to user Василий П.П., count: 3
2026-01-31 10:09:32,407 - INFO - Update id=805948229 is handled. Duration 154 ms by bot id=8484197003
2026-01-31 10:09:54,773 - INFO - Admin panel opened for user Валерий А.Ф
2026-01-31 10:09:54,773 - INFO - Update id=805948230 is handled. Duration 44 ms by bot id=8484197003
2026-01-31 10:09:56,221 - INFO - Admin 5305657930 started adding task manually
2026-01-31 10:09:56,221 - INFO - Update id=805948231 is handled. Duration 28 ms by bot id=8484197003
2026-01-31 10:10:08,885 - INFO - Admin entered teacher name: Василий П.П.
2026-01-31 10:10:08,885 - INFO - Update id=805948232 is handled. Duration 32 ms by bot id=8484197003
2026-01-31 10:10:16,040 - INFO - Admin entered practice name: Ввв
2026-01-31 10:10:16,040 - INFO - Update id=805948233 is handled. Duration 75 ms by bot id=8484197003
2026-01-31 10:10:24,438 - INFO - Admin entered end date: 2033-09-12
2026-01-31 10:10:24,438 - INFO - Update id=805948234 is handled. Duration 43 ms by bot id=8484197003
2026-01-31 10:10:27,137 - INFO - Task added: Ввв for Василий П.П.
2026-01-31 10:10:27,163 - INFO - Update id=805948235 is handled. Duration 37 ms by bot id=8484197003
2026-01-31 10:15:44,100 - INFO - Scheduler started
2026-01-31 10:15:44,100 - INFO - Bot started
2026-01-31 10:15:44,282 - INFO - Start polling
2026-01-31 10:15:44,328 - INFO - Run polling for bot @Buzzer_bot_bot id=8484197003 - 'BUZZER'
2026-01-31 10:15:44,439 - INFO - User 6911846159 (Константин) started bot
2026-01-31 10:15:44,463 - INFO - User 6911846159 (Константин) started bot
2026-01-31 10:15:44,467 - INFO - User 6911846159 (Константин) started bot
2026-01-31 10:15:44,982 - INFO - Welcome message sent to Василий П.П.
2026-01-31 10:15:44,985 - INFO - Update id=805948249 is handled. Duration 521 ms by bot id=8484197003
2026-01-31 10:15:44,986 - INFO - Welcome message sent to Василий П.П.
2026-01-31 10:15:44,989 - INFO - Update id=805948250 is handled. Duration 522 ms by bot id=8484197003
2026-01-31 10:15:44,989 - INFO - Welcome message sent to Василий П.П.
2026-01-31 10:15:44,989 - INFO - Update id=805948248 is handled. Duration 551 ms by bot id=8484197003
2026-01-31 10:15:44,990 - INFO - Sent task list to user Василий П.П., count: 4
2026-01-31 10:15:44,991 - INFO - Update id=805948246 is handled. Duration 555 ms by bot id=8484197003
2026-01-31 10:15:44,995 - INFO - Sent task list to user Василий П.П., count: 4
2026-01-31 10:15:44,995 - INFO - Update id=805948236 is handled. Duration 571 ms by bot id=8484197003
2026-01-31 10:15:44,996 - INFO - Sent task list to user Василий П.П., count: 4
2026-01-31 10:15:44,997 - INFO - Update id=805948238 is handled. Duration 566 ms by bot id=8484197003
2026-01-31 10:15:44,999 - INFO - Sent task list to user Василий П.П., count: 4
2026-01-31 10:15:45,000 - INFO - Update id=805948242 is handled. Duration 565 ms by bot id=8484197003
2026-01-31 10:15:45,000 - INFO - Sent task list to user Василий П.П., count: 4
2026-01-31 10:15:45,000 - INFO - Update id=805948244 is handled. Duration 565 ms by bot id=8484197003
2026-01-31 10:15:45,001 - INFO - Sent task list to user Василий П.П., count: 4
2026-01-31 10:15:45,002 - INFO - Update id=805948240 is handled. Duration 569 ms by bot id=8484197003
2026-01-31 10:15:45,002 - INFO - Sent task list to user Василий П.П., count: 4
2026-01-31 10:15:45,004 - INFO - Update id=805948243 is handled. Duration 569 ms by bot id=8484197003
2026-01-31 10:15:45,005 - INFO - Sent task list to user Василий П.П., count: 4
2026-01-31 10:15:45,006 - INFO - Update id=805948239 is handled. Duration 575 ms by bot id=8484197003
2026-01-31 10:15:45,008 - INFO - Sent task list to user Василий П.П., count: 4
2026-01-31 10:15:45,008 - INFO - Update id=805948245 is handled. Duration 573 ms by bot id=8484197003
2026-01-31 10:15:45,009 - INFO - Sent task list to user Василий П.П., count: 4
2026-01-31 10:15:45,011 - INFO - Update id=805948237 is handled. Duration 586 ms by bot id=8484197003
2026-01-31 10:15:45,030 - INFO - Sent task list to user Василий П.П., count: 4
2026-01-31 10:15:45,032 - INFO - Update id=805948241 is handled. Duration 598 ms by bot id=8484197003
2026-01-31 10:15:45,053 - INFO - Sent task list to user Василий П.П., count: 4
2026-01-31 10:15:45,053 - INFO - Update id=805948247 is handled. Duration 618 ms by bot id=8484197003
2026-01-31 10:15:45,375 - INFO - User 6911846159 (Константин) started bot
2026-01-31 10:15:45,414 - INFO - Welcome message sent to Василий П.П.
2026-01-31 10:15:45,415 - INFO - Update id=805948251 is handled. Duration 39 ms by bot id=8484197003
2026-01-31 10:22:44,286 - INFO - Scheduler started
2026-01-31 10:22:44,287 - INFO - Bot started
2026-01-31 10:22:44,472 - INFO - Start polling
2026-01-31 10:22:44,534 - INFO - Run polling for bot @Buzzer_bot_bot id=8484197003 - 'BUZZER'
2026-01-31 10:22:44,603 - INFO - User 6982041480 (Unknown) started bot
2026-01-31 10:22:44,661 - INFO - Update id=805948253 is not handled. Duration 45 ms by bot id=8484197003
2026-01-31 10:22:44,805 - INFO - Asking for full name for registration
2026-01-31 10:22:44,805 - INFO - Update id=805948252 is handled. Duration 202 ms by bot id=8484197003
2026-01-31 10:22:44,806 - INFO - No tasks found for user Валерий А.Ф
2026-01-31 10:22:44,806 - INFO - Update id=805948254 is handled. Duration 187 ms by bot id=8484197003
2026-01-31 10:23:15,283 - INFO - User 6982041480 entered full name: Чебурек Табурет Барабанович
2026-01-31 10:23:15,291 - INFO - New user registered: Чебурек Табурет Барабанович, ID: 6982041480
2026-01-31 10:23:15,340 - INFO - Update id=805948255 is handled. Duration 57 ms by bot id=8484197003
2026-01-31 10:23:47,120 - INFO - No tasks found for user Чебурек Табурет Барабанович
2026-01-31 10:23:47,120 - INFO - Update id=805948256 is handled. Duration 47 ms by bot id=8484197003
